Library	Iteration	Term	Description	iteration overlapping genes	iteration p-value	iteration -log(p-value)	Genes removed for next iteration	Full list overlapping genes	Full list p-value	Regular FDR	Full list overlapping genes (gene names)
Reactome	1	REACTOME: REGULATION OF GLUCOKINASE BY GLUCOKINASE REGULATORY PROTEIN	https://www.gsea-msigdb.org/gsea/msigdb/human/geneset/REACTOME_REGULATION_OF_GLUCOKINASE_BY_GLUCOKINASE_REGULATORY_PROTEIN	8/32	1.9747035830536053e-08	7.704498085812451	GCK, NUP107, NUP133, NUP153, NUP155, NUP160, NUP85, RANBP2	8/32	1.9747035830536053e-08	2.78235734852253e-05	GCK, NUP107, NUP133, NUP153, NUP155, NUP160, NUP85, RANBP2
Reactome	2	REACTOME: ASPARAGINE N LINKED GLYCOSYLATION	https://www.gsea-msigdb.org/gsea/msigdb/human/geneset/REACTOME_ASPARAGINE_N_LINKED_GLYCOSYLATION	19/312	1.3371436229875725e-07	6.873821942535311	ARF1, COG2, COG3, COG4, DDOST, DPM1, GOSR2, MGAT1, NGLY1, RAB1B, SCFD1, SPTAN1, SPTBN1, ST3GAL5, STT3A, STX5, TMED2, TRAPPC1, TUBAL3	19/312	2.890173367413769e-07	0.00011473930219632526	ARF1, COG2, COG3, COG4, DDOST, DPM1, GOSR2, MGAT1, NGLY1, RAB1B, SCFD1, SPTAN1, SPTBN1, ST3GAL5, STT3A, STX5, TMED2, TRAPPC1, TUBAL3
Reactome	3	REACTOME: TRANSCRIPTIONAL REGULATION OF WHITE ADIPOCYTE DIFFERENTIATION	https://www.gsea-msigdb.org/gsea/msigdb/human/geneset/REACTOME_TRANSCRIPTIONAL_REGULATION_OF_WHITE_ADIPOCYTE_DIFFERENTIATION	9/84	1.219707284879939e-06	5.913744382287856	LPL, MED14, MED28, MED4, MED6, MED7, NCOR2, RELA, WNT1	9/84	5.160986097093087e-06	0.0003305377004910982	LPL, MED14, MED28, MED4, MED6, MED7, NCOR2, RELA, WNT1
Reactome	4	REACTOME: CLATHRIN MEDIATED ENDOCYTOSIS	https://www.gsea-msigdb.org/gsea/msigdb/human/geneset/REACTOME_CLATHRIN_MEDIATED_ENDOCYTOSIS	8/145	0.0003605393861654831	3.443047285008372	AP2M1, ARPC1A, CD4, EGF, EGFR, GAPVD1, HIP1R, PIP5K1C	8/145	0.0017289018832176753	0.041777705779065144	AP2M1, ARPC1A, CD4, EGF, EGFR, GAPVD1, HIP1R, PIP5K1C
Reactome	5	REACTOME: NUCLEAR RNA DECAY	https://www.gsea-msigdb.org/gsea/msigdb/human/geneset/REACTOME_NUCLEAR_RNA_DECAY	4/35	0.0006264865902181174	3.203088220530331	EXOSC3, EXOSC5, MPHOSPH6, YTHDC2	4/35	0.0019207162431538693	0.04510481977673003	EXOSC3, EXOSC5, MPHOSPH6, YTHDC2
Reactome	6	REACTOME: INTERLEUKIN 12 SIGNALING	https://www.gsea-msigdb.org/gsea/msigdb/human/geneset/REACTOME_INTERLEUKIN_12_SIGNALING	4/47	0.0017060208480897722	2.7680156659263955	HNRNPF, JAK1, PSME2, RAP1B	5/47	0.0007247077648804182	0.018234165012794807	ARF1, HNRNPF, JAK1, PSME2, RAP1B
Reactome	7	REACTOME: RETROGRADE TRANSPORT AT THE TRANS GOLGI NETWORK	https://www.gsea-msigdb.org/gsea/msigdb/human/geneset/REACTOME_RETROGRADE_TRANSPORT_AT_THE_TRANS_GOLGI_NETWORK	4/49	0.0017617148324732513	2.7540643891738186	RAB6A, RAB6B, RABEPK, VPS53	7/49	8.732448734737028e-06	0.0004921608106897789	COG2, COG3, COG4, RAB6A, RAB6B, RABEPK, VPS53
Reactome	8	REACTOME: POST TRANSLATIONAL MODIFICATION SYNTHESIS OF GPI ANCHORED PROTEINS	https://www.gsea-msigdb.org/gsea/msigdb/human/geneset/REACTOME_POST_TRANSLATIONAL_MODIFICATION_SYNTHESIS_OF_GPI_ANCHORED_PROTEINS	5/93	0.0026199650527703967	2.5817045016154445	LY6D, LYPD4, PIGH, PIGK, PIGY	6/93	0.0030024051631010705	0.06314013245984192	DPM1, LY6D, LYPD4, PIGH, PIGK, PIGY
Reactome	9	REACTOME: HIV TRANSCRIPTION ELONGATION	https://www.gsea-msigdb.org/gsea/msigdb/human/geneset/REACTOME_HIV_TRANSCRIPTION_ELONGATION	3/43	0.008473219261309435	2.0719515552189027	CTDP1, ELOA, ERCC3	3/43	0.027853127423824137	0.3244499314519485	CTDP1, ELOA, ERCC3
Reactome	10	REACTOME: HEME SIGNALING	https://www.gsea-msigdb.org/gsea/msigdb/human/geneset/REACTOME_HEME_SIGNALING	3/49	0.011238712620394862	1.9492834337740388	CRTC2, CRTC3, SLC46A1	3/49	0.038927495285670265	0.4003565026095577	CRTC2, CRTC3, SLC46A1
KEGG	1	KEGG: PANCREATIC CANCER	https://www.gsea-msigdb.org/gsea/msigdb/human/geneset/KEGG_PANCREATIC_CANCER	6/70	0.00038415114767020766	3.4154978649980974	AKT1, EGF, EGFR, IKBKG, JAK1, RELA	6/70	0.00038415114767020766	0.07145211346665863	AKT1, EGF, EGFR, IKBKG, JAK1, RELA
KEGG	2	KEGG: N GLYCAN BIOSYNTHESIS	https://www.gsea-msigdb.org/gsea/msigdb/human/geneset/KEGG_N_GLYCAN_BIOSYNTHESIS	4/46	0.002657616370790896	2.5755077096510144	DDOST, DPM1, MGAT1, STT3A	4/46	0.0036321545536319878	0.16889518674388743	DDOST, DPM1, MGAT1, STT3A
KEGG	3	KEGG: GLYCOSYLPHOSPHATIDYLINOSITOL GPI ANCHOR BIOSYNTHESIS	https://www.gsea-msigdb.org/gsea/msigdb/human/geneset/KEGG_GLYCOSYLPHOSPHATIDYLINOSITOL_GPI_ANCHOR_BIOSYNTHESIS	3/25	0.0031514024906013666	2.5014961260915656	PIGH, PIGK, PIGY	3/25	0.004783159764106662	0.17773233993748142	PIGH, PIGK, PIGY
KEGG	4	KEGG: RNA POLYMERASE	https://www.gsea-msigdb.org/gsea/msigdb/human/geneset/KEGG_RNA_POLYMERASE	3/29	0.0042161182300371695	2.3750872189689467	POLR1H, POLR3A, POLR3F	3/29	0.007302722112781088	0.17773233993748142	POLR1H, POLR3A, POLR3F
KEGG	5	KEGG: RNA DEGRADATION	https://www.gsea-msigdb.org/gsea/msigdb/human/geneset/KEGG_RNA_DEGRADATION	4/59	0.003667363601448051	2.435646029697366	EXOSC3, EXOSC5, LSM3, MPHOSPH6	4/59	0.008845417124777384	0.18280528724539927	EXOSC3, EXOSC5, LSM3, MPHOSPH6
KEGG	6	KEGG: VIBRIO CHOLERAE INFECTION	https://www.gsea-msigdb.org/gsea/msigdb/human/geneset/KEGG_VIBRIO_CHOLERAE_INFECTION	3/54	0.016842296096966622	1.7735987017753898	ARF1, ATP6V0A1, PRKX	3/54	0.03874633669269166	0.3752710167514273	ARF1, ATP6V0A1, PRKX
GO BP	1	GOBP: GOLGI VESICLE TRANSPORT	https://www.gsea-msigdb.org/gsea/msigdb/human/geneset/GOBP_GOLGI_VESICLE_TRANSPORT	20/314	2.350373752043565e-08	7.628863071539477	CLN3, COG2, COG3, COG4, GABARAPL2, GOLPH3, GOSR2, LAPTM5, RAB1B, RAB2A, RAB6A, RAB6B, RAB6C, SCFD1, SPAST, SPTBN1, STX5, TMED2, TRAPPC1, TRAPPC8	20/314	2.350373752043565e-08	6.645593809450616e-05	CLN3, COG2, COG3, COG4, GABARAPL2, GOLPH3, GOSR2, LAPTM5, RAB1B, RAB2A, RAB6A, RAB6B, RAB6C, SCFD1, SPAST, SPTBN1, STX5, TMED2, TRAPPC1, TRAPPC8
GO BP	2	GOBP: NUCLEAR EXPORT	https://www.gsea-msigdb.org/gsea/msigdb/human/geneset/GOBP_NUCLEAR_EXPORT	11/172	1.5169161136868861e-05	4.81903843527801	FAM76B, MDN1, NUP107, NUP133, NUP153, NUP155, NUP160, NUP85, RANBP2, THOC2, WNK1	11/172	3.547917817403964e-05	0.023771049376606557	FAM76B, MDN1, NUP107, NUP133, NUP153, NUP155, NUP160, NUP85, RANBP2, THOC2, WNK1
GO BP	3	GOBP: DNA TEMPLATED TRANSCRIPTION ELONGATION	https://www.gsea-msigdb.org/gsea/msigdb/human/geneset/GOBP_DNA_TEMPLATED_TRANSCRIPTION_ELONGATION	9/137	4.876466138471566e-05	4.311894787120499	CTDP1, ELOA, ERCC3, INTS7, MED14, MED28, MED4, MED6, MED7	9/137	0.00014925120834449583	0.05333243178176651	CTDP1, ELOA, ERCC3, INTS7, MED14, MED28, MED4, MED6, MED7
GO BP	4	GOBP: GLYCOLIPID BIOSYNTHETIC PROCESS	https://www.gsea-msigdb.org/gsea/msigdb/human/geneset/GOBP_GLYCOLIPID_BIOSYNTHETIC_PROCESS	7/79	3.848670476087263e-05	4.414689271691419	A4GALT, DPM1, PIGH, PIGK, PIGY, ST3GAL5, TM9SF2	7/79	0.0001295016861923981	0.04958064557080384	A4GALT, DPM1, PIGH, PIGK, PIGY, ST3GAL5, TM9SF2
GO BP	5	GOBP: REGULATION OF PROTEIN CONTAINING COMPLEX DISASSEMBLY	https://www.gsea-msigdb.org/gsea/msigdb/human/geneset/GOBP_REGULATION_OF_PROTEIN_CONTAINING_COMPLEX_DISASSEMBLY	8/134	0.00013940568370306072	3.855719519275629	ATG12, EPS8, ETF1, FLII, MID1IP1, SPTAN1, TAOK1, UBQLN4	12/134	4.6328468230110713e-07	0.0008277352990446446	ATG12, CLN3, EPS8, ETF1, FLII, MID1IP1, SPAST, SPTAN1, SPTBN1, TAOK1, UBQLN4, WNK1
GO BP	6	GOBP: POSITIVE REGULATION OF MOLECULAR FUNCTION	https://www.gsea-msigdb.org/gsea/msigdb/human/geneset/GOBP_POSITIVE_REGULATION_OF_MOLECULAR_FUNCTION	16/582	0.0005669001705908201	3.246493412321712	AGAP2, AKT1, CARD16, CD4, CRTC2, DHX33, EDNRA, EGF, IKBKG, KDM4D, LARS1, LCP2, NIPSNAP2, RAPGEF1, RELA, STAC2	18/582	0.0018897251136776889	0.23555643277470728	AGAP2, AKT1, CARD16, CD4, CRTC2, DHX33, EDNRA, EGF, GABARAPL2, IKBKG, KDM4D, LARS1, LCP2, MID1IP1, NIPSNAP2, RAPGEF1, RELA, STAC2
GO BP	7	GOBP: POSITIVE REGULATION BY HOST OF VIRAL PROCESS	https://www.gsea-msigdb.org/gsea/msigdb/human/geneset/GOBP_POSITIVE_REGULATION_BY_HOST_OF_VIRAL_PROCESS	3/21	0.001072822367154112	2.9694721805047575	CAV2, PPIB, YTHDC2	3/21	0.003114089207979259	0.29806282419230046	CAV2, PPIB, YTHDC2
GO BP	8	GOBP: PROTEIN POLYUBIQUITINATION	https://www.gsea-msigdb.org/gsea/msigdb/human/geneset/GOBP_PROTEIN_POLYUBIQUITINATION	8/265	0.004085849170542297	2.388717669424135	FBXW11, HUWE1, KBTBD7, MKRN2, RNF170, RNF26, TRIM55, TRIM58	8/265	0.05774494340351439	1.0	FBXW11, HUWE1, KBTBD7, MKRN2, RNF170, RNF26, TRIM55, TRIM58
GO BP	9	GOBP: RIBONUCLEOPROTEIN COMPLEX BIOGENESIS	https://www.gsea-msigdb.org/gsea/msigdb/human/geneset/GOBP_RIBONUCLEOPROTEIN_COMPLEX_BIOGENESIS	11/494	0.0055147752223411025	2.2584721843455196	AGO3, CLNS1A, DDX10, DIMT1, EIF3H, EXOSC3, EXOSC5, GEMIN2, HEATR1, HTATSF1, MPHOSPH6	12/494	0.07684654167619337	1.0	AGO3, CLNS1A, DDX10, DIMT1, EIF3H, EXOSC3, EXOSC5, GEMIN2, HEATR1, HTATSF1, MDN1, MPHOSPH6
GO BP	10	GOBP: POSITIVE REGULATION OF INTERFERON BETA PRODUCTION	https://www.gsea-msigdb.org/gsea/msigdb/human/geneset/GOBP_POSITIVE_REGULATION_OF_INTERFERON_BETA_PRODUCTION	3/42	0.005257022955124821	2.2792601266029795	POLR3A, POLR3F, TOMM70	3/42	0.021620721213884794	0.686900096809236	POLR3A, POLR3F, TOMM70
GO MF	1	GOMF: STRUCTURAL CONSTITUENT OF NUCLEAR PORE	https://www.gsea-msigdb.org/gsea/msigdb/human/geneset/GOMF_STRUCTURAL_CONSTITUENT_OF_NUCLEAR_PORE	6/25	1.0077597736226001e-06	5.996642981207875	NUP107, NUP133, NUP153, NUP155, NUP160, NUP85	6/25	1.0077597736226001e-06	0.0011740401362703291	NUP107, NUP133, NUP153, NUP155, NUP160, NUP85
GO MF	2	GOMF: CATALYTIC ACTIVITY ACTING ON RNA	https://www.gsea-msigdb.org/gsea/msigdb/human/geneset/GOMF_CATALYTIC_ACTIVITY_ACTING_ON_RNA	18/419	1.6859881598678387e-05	4.7731454796057715	AGO3, ALKBH8, DDX10, DDX53, DDX55, DHX33, DIMT1, ERI2, ETF1, EXOSC3, EXOSC5, IGHMBP2, LARS1, POLR1H, POLR3A, POLR3F, TRMT5, YTHDC2	18/419	2.5747224079759782e-05	0.014997758026460074	AGO3, ALKBH8, DDX10, DDX53, DDX55, DHX33, DIMT1, ERI2, ETF1, EXOSC3, EXOSC5, IGHMBP2, LARS1, POLR1H, POLR3A, POLR3F, TRMT5, YTHDC2
GO MF	3	GOMF: GTPASE ACTIVATOR ACTIVITY	https://www.gsea-msigdb.org/gsea/msigdb/human/geneset/GOMF_GTPASE_ACTIVATOR_ACTIVITY	11/275	0.0006062232922470982	3.2173673812312615	AGAP2, ARHGAP32, ARHGEF12, ARHGEF19, DEPDC5, GAPVD1, GRTP1, RANBP2, RGPD5, RGPD8, TIAM2	12/275	0.0005157949359075214	0.2003003667774208	AGAP2, ARHGAP32, ARHGEF12, ARHGEF19, DEPDC5, GAPVD1, GRTP1, LARS1, RANBP2, RGPD5, RGPD8, TIAM2
GO MF	4	GOMF: TRANSCRIPTION COREGULATOR ACTIVITY	https://www.gsea-msigdb.org/gsea/msigdb/human/geneset/GOMF_TRANSCRIPTION_COREGULATOR_ACTIVITY	15/528	0.0011587764529907675	2.936000338494231	ARGLU1, BCL9, CRTC2, CRTC3, DNAJB1, FHL3, KAT2A, KDM7A, MED14, MED4, MED6, MED7, NCOR2, NR0B2, PHF12	15/528	0.011978046142950616	0.6192287371181997	ARGLU1, BCL9, CRTC2, CRTC3, DNAJB1, FHL3, KAT2A, KDM7A, MED14, MED4, MED6, MED7, NCOR2, NR0B2, PHF12
GO MF	5	GOMF: ENZYME SUBSTRATE ADAPTOR ACTIVITY	https://www.gsea-msigdb.org/gsea/msigdb/human/geneset/GOMF_ENZYME_SUBSTRATE_ADAPTOR_ACTIVITY	7/146	0.0008492141816181084	3.070982761859946	ANKRD9, DCAF1, FBXW11, KBTBD7, KLHDC2, KLHL1, PPP2R2A	7/146	0.00455179281249179	0.49984506250198196	ANKRD9, DCAF1, FBXW11, KBTBD7, KLHDC2, KLHL1, PPP2R2A
GO MF	6	GOMF: ALPHA TUBULIN BINDING	https://www.gsea-msigdb.org/gsea/msigdb/human/geneset/GOMF_ALPHA_TUBULIN_BINDING	4/44	0.0009319102588327552	3.0306259073565753	DNAL1, FNTA, SPAST, TAOK1	4/44	0.003302555009442078	0.48093457325000266	DNAL1, FNTA, SPAST, TAOK1
GO MF	7	GOMF: CARGO ADAPTOR ACTIVITY	https://www.gsea-msigdb.org/gsea/msigdb/human/geneset/GOMF_CARGO_ADAPTOR_ACTIVITY	3/21	0.0010294479040737446	2.987395626263792	AP2M1, GOLPH3, HIP1R	3/21	0.0030111293598458775	0.48093457325000266	AP2M1, GOLPH3, HIP1R
GO MF	8	GOMF: HEXOSYLTRANSFERASE ACTIVITY	https://www.gsea-msigdb.org/gsea/msigdb/human/geneset/GOMF_HEXOSYLTRANSFERASE_ACTIVITY	7/202	0.003038599521239956	2.517326534923861	A4GALT, DPM1, MGAT1, PIGY, PLOD3, STT3A, TMTC1	7/202	0.02405234772392751	0.6226885577416789	A4GALT, DPM1, MGAT1, PIGY, PLOD3, STT3A, TMTC1
GO MF	9	GOMF: G PROTEIN ACTIVITY	https://www.gsea-msigdb.org/gsea/msigdb/human/geneset/GOMF_G_PROTEIN_ACTIVITY	4/67	0.00301044319658045	2.5213695629907655	RAB1B, RAB28, RAB2A, RAP1B	4/67	0.014538147208553535	0.6192287371181997	RAB1B, RAB28, RAB2A, RAP1B
GO MF	10	GOMF: GTPASE BINDING	https://www.gsea-msigdb.org/gsea/msigdb/human/geneset/GOMF_GTPASE_BINDING	8/322	0.00682810879307942	2.1656995678359134	EPS8, FGD6, ITPKA, RIMS4, RRAGB, RUSC2, SPTBN1, TNPO3	12/322	0.0020064321765438722	0.46749869713472225	DEPDC5, EPS8, FGD6, GAPVD1, ITPKA, RANBP2, RGPD8, RIMS4, RRAGB, RUSC2, SPTBN1, TNPO3
GO CC	1	GOCC: NUCLEAR PORE OUTER RING	https://www.gsea-msigdb.org/gsea/msigdb/human/geneset/GOCC_NUCLEAR_PORE_OUTER_RING	4/10	1.1711277008297883e-05	4.931395746480233	NUP107, NUP133, NUP160, NUP85	4/10	1.1711277008297883e-05	0.0068251633426361065	NUP107, NUP133, NUP160, NUP85
GO CC	2	GOCC: CORE MEDIATOR COMPLEX	https://www.gsea-msigdb.org/gsea/msigdb/human/geneset/GOCC_CORE_MEDIATOR_COMPLEX	5/26	4.214352300853312e-05	4.375269162149553	MED14, MED28, MED4, MED6, MED7	5/26	4.6629072249497655e-05	0.010631428472885465	MED14, MED28, MED4, MED6, MED7
GO CC	3	GOCC: GOLGI TRANSPORT COMPLEX	https://www.gsea-msigdb.org/gsea/msigdb/human/geneset/GOCC_GOLGI_TRANSPORT_COMPLEX	3/10	0.00037117149638211944	3.4304253822356663	COG2, COG3, COG4	3/10	0.0004276549384100697	0.05850319557449754	COG2, COG3, COG4
GO CC	4	GOCC: ENDOPLASMIC RETICULUM PROTEIN CONTAINING COMPLEX	https://www.gsea-msigdb.org/gsea/msigdb/human/geneset/GOCC_ENDOPLASMIC_RETICULUM_PROTEIN_CONTAINING_COMPLEX	8/121	0.00042488699658615694	3.3717265600314397	DDOST, PDIA6, PIGH, PIGK, PIGY, PPIB, SPCS3, STT3A	8/121	0.0006531498283370408	0.06382206894036227	DDOST, PDIA6, PIGH, PIGK, PIGY, PPIB, SPCS3, STT3A
GO CC	5	GOCC: ENDOPLASMIC RETICULUM GOLGI INTERMEDIATE COMPARTMENT MEMBRANE	https://www.gsea-msigdb.org/gsea/msigdb/human/geneset/GOCC_ENDOPLASMIC_RETICULUM_GOLGI_INTERMEDIATE_COMPARTMENT_MEMBRANE	6/81	0.0009844778094986477	3.0067940685770567	GOSR2, MGAT1, RAB1B, RAB2A, STX5, TMED2	6/81	0.0017364087794315697	0.1273009050301809	GOSR2, MGAT1, RAB1B, RAB2A, STX5, TMED2
GO CC	6	GOCC: NUCLEAR EXOSOME RNASE COMPLEX	https://www.gsea-msigdb.org/gsea/msigdb/human/geneset/GOCC_NUCLEAR_EXOSOME_RNASE_COMPLEX	3/16	0.0012222493809635384	2.912840174022554	EXOSC3, EXOSC5, MPHOSPH6	3/16	0.0018611243425465042	0.1273009050301809	EXOSC3, EXOSC5, MPHOSPH6
GO CC	7	GOCC: CULLIN RING UBIQUITIN LIGASE COMPLEX	https://www.gsea-msigdb.org/gsea/msigdb/human/geneset/GOCC_CULLIN_RING_UBIQUITIN_LIGASE_COMPLEX	9/232	0.004000646053704692	2.3978698699463177	ANKRD9, DCAF1, DEPDC5, FBH1, FBXW11, KBTBD7, KLHDC2, KLHL1, WDTC1	9/232	0.011358555996840696	0.32631811515100106	ANKRD9, DCAF1, DEPDC5, FBH1, FBXW11, KBTBD7, KLHDC2, KLHL1, WDTC1
GO CC	8	GOCC: NUCLEAR PORE	https://www.gsea-msigdb.org/gsea/msigdb/human/geneset/GOCC_NUCLEAR_PORE	5/96	0.007347402865572392	2.133866146694582	NUP153, NUP155, RANBP2, RGPD5, RGPD8	9/96	1.9956617960924287e-05	0.0068251633426361065	NUP107, NUP133, NUP153, NUP155, NUP160, NUP85, RANBP2, RGPD5, RGPD8
GO CC	9	GOCC: CLATHRIN COATED VESICLE MEMBRANE	https://www.gsea-msigdb.org/gsea/msigdb/human/geneset/GOCC_CLATHRIN_COATED_VESICLE_MEMBRANE	6/140	0.00741284823498298	2.130014891202167	AP2M1, ATP6V0A1, CD4, EGF, EGFR, HIP1R	6/140	0.023520972574549284	0.4275913576646066	AP2M1, ATP6V0A1, CD4, EGF, EGFR, HIP1R
GO CC	10	GOCC: SPINDLE	https://www.gsea-msigdb.org/gsea/msigdb/human/geneset/GOCC_SPINDLE	12/449	0.006543680155549909	2.1841779364263503	AGBL5, AKT1, CAPN6, CSPP1, CTDP1, IKBKG, KAT2A, KMT5B, MAP4, SPAST, TFDP2, WNK1	13/449	0.031577680990682575	0.4872389423064517	AGBL5, AKT1, CAPN6, CSPP1, CTDP1, IKBKG, KAT2A, KMT5B, MAP4, NUP85, SPAST, TFDP2, WNK1
