patient_id,gene,alteration_type,is_mutated,response,binary_response
SAM0257bbbbd388,CDKN1B,likely_short,1,SD,SD/PD
SAM0257bbbbd388,RB1,likely_short,1,SD,SD/PD
SAM0257bbbbd388,TERT,known_short,1,SD,SD/PD
SAM0257bbbbd388,TP53,known_short,1,SD,SD/PD
SAM025b45c27e05,APC,known_short,1,PD,SD/PD
SAM025b45c27e05,CDK6,amplification,1,PD,SD/PD
SAM025b45c27e05,FGF10,gain,1,PD,SD/PD
SAM025b45c27e05,FGF19,amplification,1,PD,SD/PD
SAM025b45c27e05,FGF3,amplification,1,PD,SD/PD
SAM025b45c27e05,FGF4,amplification,1,PD,SD/PD
SAM025b45c27e05,RAF1,amplification,1,PD,SD/PD
SAM025b45c27e05,RICTOR,gain,1,PD,SD/PD
SAM025b45c27e05,TP53,known_short,1,PD,SD/PD
SAM032c642382a7,ARID1A,likely_short,1,PD,SD/PD
SAM032c642382a7,BRCA2,likely_short,1,PD,SD/PD
SAM032c642382a7,CDH1,likely_short,1,PD,SD/PD
SAM032c642382a7,DNMT3A,known_short,1,PD,SD/PD
SAM032c642382a7,FBXW7,known_short,1,PD,SD/PD
SAM032c642382a7,NF2,likely_short,1,PD,SD/PD
SAM032c642382a7,RB1,likely_short,1,PD,SD/PD
SAM032c642382a7,SMAD2,likely_short,1,PD,SD/PD
SAM032c642382a7,SMARCA4,likely_short,1,PD,SD/PD
SAM032c642382a7,TERT,known_short,1,PD,SD/PD
SAM032c642382a7,TP53,known_short,1,PD,SD/PD
SAM04c589eb3fb3,ARID1A,known_short,1,NE,
SAM04c589eb3fb3,CASP8,likely_short,1,NE,
SAM04c589eb3fb3,CDH1,known_short,1,NE,
SAM04c589eb3fb3,CDK6,gain,1,NE,
SAM04c589eb3fb3,CHD2,likely_short,1,NE,
SAM04c589eb3fb3,FGFR3,known_short,1,NE,
SAM04c589eb3fb3,HGF,gain,1,NE,
SAM04c589eb3fb3,KEL,gain,1,NE,
SAM04c589eb3fb3,MET,gain,1,NE,
SAM04c589eb3fb3,MLL2,likely_short,1,NE,
SAM04c589eb3fb3,MYC,known_short,1,NE,
SAM04c589eb3fb3,PIK3CA,known_short,1,NE,
SAM04c589eb3fb3,PIK3CG,gain,1,NE,
SAM04c589eb3fb3,SPEN,likely_short,1,NE,
SAM04c589eb3fb3,TERT,known_short,1,NE,
SAM04c589eb3fb3,TP53,likely_short,1,NE,
SAM065890737112,CCNE1,amplification,1,CR,CR/PR
SAM065890737112,MLL2,likely_short,1,CR,CR/PR
SAM065890737112,TERT,known_short,1,CR,CR/PR
SAM065890737112,TP53,known_short,1,CR,CR/PR
SAM0684af734db1,FGFR3,known_short,1,PR,CR/PR
SAM0684af734db1,GNAS,amplification,1,PR,CR/PR
SAM0684af734db1,TERT,known_short,1,PR,CR/PR
SAM075e037d95bc,ARID1A,likely_short,1,PR,CR/PR
SAM075e037d95bc,BRCA2,likely_short,1,PR,CR/PR
SAM075e037d95bc,FGFR3,known_short,1,PR,CR/PR
SAM07a93a28f801,APC,known_short,1,PR,CR/PR
SAM07a93a28f801,CDKN1B,likely_short,1,PR,CR/PR
SAM07a93a28f801,EGFR,known_short,1,PR,CR/PR
SAM07a93a28f801,ERBB3,known_short,1,PR,CR/PR
SAM07a93a28f801,FAT1,likely_short,1,PR,CR/PR
SAM07a93a28f801,KDM6A,likely_short,1,PR,CR/PR
SAM07a93a28f801,KDR,amplification,1,PR,CR/PR
SAM07a93a28f801,KIT,amplification,1,PR,CR/PR
SAM07a93a28f801,KRAS,amplification,1,PR,CR/PR
SAM07a93a28f801,MTOR,known_short,1,PR,CR/PR
SAM07a93a28f801,MYCN,amplification,1,PR,CR/PR
SAM07a93a28f801,PDGFRA,amplification,1,PR,CR/PR
SAM07a93a28f801,PIK3CA,known_short,1,PR,CR/PR
SAM07a93a28f801,PRSS8,amplification,1,PR,CR/PR
SAM07a93a28f801,REL,amplification,1,PR,CR/PR
SAM07a93a28f801,STAG2,likely_short,1,PR,CR/PR
SAM07a93a28f801,TERT,known_short,1,PR,CR/PR
SAM07a93a28f801,TP53,known_short,1,PR,CR/PR
SAM0a0f2bac4b20,ERBB2,known_short,1,PD,SD/PD
SAM0a0f2bac4b20,MYCL1,amplification,1,PD,SD/PD
SAM0a0f2bac4b20,TERT,known_short,1,PD,SD/PD
SAM0a7c2091dd56,ATM,likely_short,1,PD,SD/PD
SAM0a7c2091dd56,CCND1,amplification,1,PD,SD/PD
SAM0a7c2091dd56,FAT1,likely_short,1,PD,SD/PD
SAM0a7c2091dd56,MLL2,known_short,1,PD,SD/PD
SAM0a7c2091dd56,MLL2,likely_short,1,PD,SD/PD
SAM0a7c2091dd56,NKX2-1,amplification,1,PD,SD/PD
SAM0a7c2091dd56,TERT,known_short,1,PD,SD/PD
SAM0ce9c983b20f,APC,likely_short,1,PD,SD/PD
SAM0ce9c983b20f,MLL2,likely_short,1,PD,SD/PD
SAM0ce9c983b20f,PIK3CA,known_short,1,PD,SD/PD
SAM0ce9c983b20f,STAG2,known_short,1,PD,SD/PD
SAM0ce9c983b20f,TP53,known_short,1,PD,SD/PD
SAM0f956e757453,ARID1A,likely_short,1,PD,SD/PD
SAM0f956e757453,CREBBP,likely_short,1,PD,SD/PD
SAM0f956e757453,ERBB2,amplification,1,PD,SD/PD
SAM0f956e757453,ERBB3,known_short,1,PD,SD/PD
SAM0f956e757453,MSH2,likely_short,1,PD,SD/PD
SAM0f956e757453,PIK3CA,known_short,1,PD,SD/PD
SAM0f956e757453,RAF1,gain,1,PD,SD/PD
SAM0f956e757453,TERT,known_short,1,PD,SD/PD
SAM0f956e757453,TOP2A,amplification,1,PD,SD/PD
SAM0f956e757453,TP53,known_short,1,PD,SD/PD
SAM110501d0eedb,CCND1,amplification,1,PD,SD/PD
SAM110501d0eedb,ERBB2,known_short,1,PD,SD/PD
SAM110501d0eedb,MSH2,likely_short,1,PD,SD/PD
SAM110501d0eedb,PTEN,known_short,1,PD,SD/PD
SAM110501d0eedb,TERT,known_short,1,PD,SD/PD
SAM110501d0eedb,TP53,likely_short,1,PD,SD/PD
SAM12502d970c10,ARID1A,known_short,1,SD,SD/PD
SAM12502d970c10,FGFR3,known_short,1,SD,SD/PD
SAM12502d970c10,TERT,known_short,1,SD,SD/PD
SAM12502d970c10,TSC1,likely_short,1,SD,SD/PD
SAM14938611a2d3,ARID1A,likely_short,1,PR,CR/PR
SAM14938611a2d3,CTNNB1,known_short,1,PR,CR/PR
SAM14938611a2d3,EP300,known_short,1,PR,CR/PR
SAM14938611a2d3,EP300,likely_short,1,PR,CR/PR
SAM14938611a2d3,ERBB2,known_short,1,PR,CR/PR
SAM14938611a2d3,FAT1,likely_short,1,PR,CR/PR
SAM14938611a2d3,MLL2,likely_short,1,PR,CR/PR
SAM14938611a2d3,PMS2,likely_short,1,PR,CR/PR
SAM14938611a2d3,PTCH2,known_short,1,PR,CR/PR
SAM14938611a2d3,RNF43,likely_short,1,PR,CR/PR
SAM14938611a2d3,TERT,known_short,1,PR,CR/PR
SAM14938611a2d3,TP53,known_short,1,PR,CR/PR
SAM14df63a65411,CREBBP,known_short,1,PR,CR/PR
SAM14df63a65411,FGFR3,known_short,1,PR,CR/PR
SAM14df63a65411,TERT,known_short,1,PR,CR/PR
SAM14df63a65411,TP53,known_short,1,PR,CR/PR
SAM17c45bf16bb6,CDKN2A,deletion,1,NE,
SAM17c45bf16bb6,CDKN2B,deletion,1,NE,
SAM17c45bf16bb6,KDM6A,likely_short,1,NE,
SAM17c45bf16bb6,PIK3CA,known_short,1,NE,
SAM17c45bf16bb6,STAG2,likely_short,1,NE,
SAM17c45bf16bb6,TERT,known_short,1,NE,
SAM18039827e1b9,ARID1A,likely_short,1,PD,SD/PD
SAM18039827e1b9,NCOR1,likely_short,1,PD,SD/PD
SAM18039827e1b9,ROS1,known_short,1,PD,SD/PD
SAM18039827e1b9,TERT,known_short,1,PD,SD/PD
SAM18039827e1b9,TP53,known_short,1,PD,SD/PD
SAM18a4dabbc557,LYN,gain,1,PD,SD/PD
SAM18a4dabbc557,MYC,amplification,1,PD,SD/PD
SAM18a4dabbc557,TERT,known_short,1,PD,SD/PD
SAM18a4dabbc557,TP53,known_short,1,PD,SD/PD
SAM18b9351e265a,APC,known_short,1,PD,SD/PD
SAM18b9351e265a,FBXW7,known_short,1,PD,SD/PD
SAM18b9351e265a,NOTCH1,likely_short,1,PD,SD/PD
SAM18b9351e265a,SOX9,likely_short,1,PD,SD/PD
SAM18bc1078bc15,ARID1A,likely_short,1,PD,SD/PD
SAM18bc1078bc15,MYST3,amplification,1,PD,SD/PD
SAM18bc1078bc15,TERT,known_short,1,PD,SD/PD
SAM18bc1078bc15,TP53,known_short,1,PD,SD/PD
SAM18be5b395318,CRKL,amplification,1,PD,SD/PD
SAM18be5b395318,TERT,known_short,1,PD,SD/PD
SAM18be5b395318,TP53,known_short,1,PD,SD/PD
SAM18be5b395318,TP53,likely_short,1,PD,SD/PD
SAM19fec8f3b3bd,CDKN2A,deletion,1,PD,SD/PD
SAM19fec8f3b3bd,CDKN2B,deletion,1,PD,SD/PD
SAM19fec8f3b3bd,JAK2,amplification,1,PD,SD/PD
SAM19fec8f3b3bd,PDCD1LG2,amplification,1,PD,SD/PD
SAM19fec8f3b3bd,PIK3CA,known_short,1,PD,SD/PD
SAM19fec8f3b3bd,TP53,known_short,1,PD,SD/PD
SAM1a87df750b9d,BAP1,likely_short,1,SD,SD/PD
SAM1a87df750b9d,CDKN2A,deletion,1,SD,SD/PD
SAM1a87df750b9d,CDKN2B,deletion,1,SD,SD/PD
SAM1a87df750b9d,FGFR2,likely_short,1,SD,SD/PD
SAM1a87df750b9d,FOXP1,deletion,1,SD,SD/PD
SAM1a87df750b9d,MLL2,likely_short,1,SD,SD/PD
SAM1a87df750b9d,RB1,known_short,1,SD,SD/PD
SAM1a87df750b9d,STK11,deletion,1,SD,SD/PD
SAM1a87df750b9d,TP53,likely_short,1,SD,SD/PD
SAM1ab1b28d9f2b,MLL2,known_short,1,PD,SD/PD
SAM1ab1b28d9f2b,MLL2,likely_short,1,PD,SD/PD
SAM1ab1b28d9f2b,RAF1,amplification,1,PD,SD/PD
SAM1ab1b28d9f2b,RB1,likely_short,1,PD,SD/PD
SAM1ab1b28d9f2b,TP53,known_short,1,PD,SD/PD
SAM1abf01dd4544,CTNNB1,known_short,1,PR,CR/PR
SAM1abf01dd4544,LRP1B,known_short,1,PR,CR/PR
SAM1abf01dd4544,NRAS,amplification,1,PR,CR/PR
SAM1abf01dd4544,PIK3CA,known_short,1,PR,CR/PR
SAM1abf01dd4544,TERT,known_short,1,PR,CR/PR
SAM1abf01dd4544,TP53,known_short,1,PR,CR/PR
SAM1ac4e3dee297,FGFR3,known_short,1,PD,SD/PD
SAM1ac4e3dee297,GATA3,likely_short,1,PD,SD/PD
SAM1ac4e3dee297,MLL2,likely_short,1,PD,SD/PD
SAM1ac4e3dee297,STAG2,likely_short,1,PD,SD/PD
SAM1ac4e3dee297,TERT,known_short,1,PD,SD/PD
SAM1bcc62d8290c,ARID1A,likely_short,1,NE,
SAM1bcc62d8290c,BRAF,known_short,1,NE,
SAM1bcc62d8290c,EP300,likely_short,1,NE,
SAM1bcc62d8290c,KDM6A,likely_short,1,NE,
SAM1bcc62d8290c,MLL2,likely_short,1,NE,
SAM1bcc62d8290c,RB1,likely_short,1,NE,
SAM1bcc62d8290c,TERT,known_short,1,NE,
SAM1bcc62d8290c,TP53,known_short,1,NE,
SAM1c8b086175ca,CCND1,amplification,1,PD,SD/PD
SAM1c8b086175ca,CDKN2A,deletion,1,PD,SD/PD
SAM1c8b086175ca,CDKN2B,deletion,1,PD,SD/PD
SAM1c8b086175ca,ERBB2,known_short,1,PD,SD/PD
SAM1c8b086175ca,FGF19,amplification,1,PD,SD/PD
SAM1c8b086175ca,FGF3,amplification,1,PD,SD/PD
SAM1c8b086175ca,FLCN,likely_short,1,PD,SD/PD
SAM1c8b086175ca,FRS2,amplification,1,PD,SD/PD
SAM1c8b086175ca,GATA6,amplification,1,PD,SD/PD
SAM1c8b086175ca,MDM2,amplification,1,PD,SD/PD
SAM1c8b086175ca,RAF1,amplification,1,PD,SD/PD
SAM1c8b086175ca,TERT,known_short,1,PD,SD/PD
SAM1c8b086175ca,TNFRSF14,deletion,1,PD,SD/PD
SAM1c8b086175ca,TSC1,likely_short,1,PD,SD/PD
SAM1c8b086175ca,TSC2,deletion,1,PD,SD/PD
SAM1dda30f1c5be,FGFR3,known_short,1,PD,SD/PD
SAM1dda30f1c5be,NF1,likely_short,1,PD,SD/PD
SAM1dda30f1c5be,SOX9,likely_short,1,PD,SD/PD
SAM1dda30f1c5be,TERT,known_short,1,PD,SD/PD
SAM1dda30f1c5be,TP53,known_short,1,PD,SD/PD
SAM1dda30f1c5be,TP53,likely_short,1,PD,SD/PD
SAM1dda30f1c5be,TSC1,likely_short,1,PD,SD/PD
SAM1e9c4d1d39ae,AKT3,amplification,1,PD,SD/PD
SAM1e9c4d1d39ae,ARID1A,likely_short,1,PD,SD/PD
SAM1e9c4d1d39ae,CCND3,amplification,1,PD,SD/PD
SAM1e9c4d1d39ae,MCL1,amplification,1,PD,SD/PD
SAM1e9c4d1d39ae,MYCL1,amplification,1,PD,SD/PD
SAM1e9c4d1d39ae,MYST3,amplification,1,PD,SD/PD
SAM1e9c4d1d39ae,NOTCH2,known_short,1,PD,SD/PD
SAM1e9c4d1d39ae,PRKCI,amplification,1,PD,SD/PD
SAM1e9c4d1d39ae,RB1,likely_short,1,PD,SD/PD
SAM1e9c4d1d39ae,SOX2,amplification,1,PD,SD/PD
SAM1e9c4d1d39ae,TERT,known_short,1,PD,SD/PD
SAM1e9c4d1d39ae,VEGFA,amplification,1,PD,SD/PD
SAM1f3c93814cb9,ATM,likely_short,1,NE,
SAM1f3c93814cb9,BRCA2,likely_short,1,NE,
SAM1f3c93814cb9,RB1,known_short,1,NE,
SAM1f3c93814cb9,TERT,known_short,1,NE,
SAM1f3c93814cb9,TP53,likely_short,1,NE,
SAM1f66db567eb5,ARID1A,likely_short,1,PR,CR/PR
SAM1f66db567eb5,ARID2,likely_short,1,PR,CR/PR
SAM1f66db567eb5,ERBB2,known_short,1,PR,CR/PR
SAM1f66db567eb5,FANCA,likely_short,1,PR,CR/PR
SAM1f66db567eb5,KDM6A,likely_short,1,PR,CR/PR
SAM1f66db567eb5,MLL2,likely_short,1,PR,CR/PR
SAM1f66db567eb5,NOTCH2,likely_short,1,PR,CR/PR
SAM1f66db567eb5,TERT,known_short,1,PR,CR/PR
SAM1f66db567eb5,TET2,likely_short,1,PR,CR/PR
SAM1f66db567eb5,TP53,known_short,1,PR,CR/PR
SAM1f83ebd6be9b,AKT1,known_short,1,PD,SD/PD
SAM1f83ebd6be9b,FGFR3,known_short,1,PD,SD/PD
SAM1f83ebd6be9b,MLL2,likely_short,1,PD,SD/PD
SAM1f83ebd6be9b,RB1,likely_short,1,PD,SD/PD
SAM1f83ebd6be9b,STAG2,likely_short,1,PD,SD/PD
SAM1f83ebd6be9b,TERT,known_short,1,PD,SD/PD
SAM1fa6bcb7fc48,CCND1,amplification,1,PD,SD/PD
SAM1fa6bcb7fc48,FGF19,amplification,1,PD,SD/PD
SAM1fa6bcb7fc48,FGF4,amplification,1,PD,SD/PD
SAM1fa6bcb7fc48,FGFR3,known_short,1,PD,SD/PD
SAM1fa6bcb7fc48,TERT,known_short,1,PD,SD/PD
SAM1fa6bcb7fc48,TP53,known_short,1,PD,SD/PD
SAM203dcf14f927,KEL,likely_short,1,CR,CR/PR
SAM203dcf14f927,MLL3,known_short,1,CR,CR/PR
SAM203dcf14f927,MUTYH,known_short,1,CR,CR/PR
SAM203dcf14f927,TERT,known_short,1,CR,CR/PR
SAM203dcf14f927,TP53,likely_short,1,CR,CR/PR
SAM2070b416069c,CDKN2A,deletion,1,SD,SD/PD
SAM2070b416069c,CDKN2B,deletion,1,SD,SD/PD
SAM2070b416069c,TERT,known_short,1,SD,SD/PD
SAM23095936e611,CCND1,amplification,1,PD,SD/PD
SAM23095936e611,FGF3,amplification,1,PD,SD/PD
SAM23095936e611,KDM6A,likely_short,1,PD,SD/PD
SAM23095936e611,TERT,known_short,1,PD,SD/PD
SAM23aa15d4a0b0,CDKN2A,deletion,1,PD,SD/PD
SAM23aa15d4a0b0,CDKN2B,deletion,1,PD,SD/PD
SAM23aa15d4a0b0,CRKL,amplification,1,PD,SD/PD
SAM23aa15d4a0b0,ERBB2,amplification,1,PD,SD/PD
SAM23aa15d4a0b0,FGFR3,amplification,1,PD,SD/PD
SAM23aa15d4a0b0,MLL2,likely_short,1,PD,SD/PD
SAM23aa15d4a0b0,TP53,likely_short,1,PD,SD/PD
SAM23aa15d4a0b0,ZNF703,amplification,1,PD,SD/PD
SAM2570ff4aae6e,AKT1,known_short,1,PR,CR/PR
SAM2570ff4aae6e,FGFR3,known_short,1,PR,CR/PR
SAM2570ff4aae6e,MEN1,likely_short,1,PR,CR/PR
SAM2570ff4aae6e,TSC1,likely_short,1,PR,CR/PR
SAM26104d5adc89,EGFR,amplification,1,SD,SD/PD
SAM26104d5adc89,EGFR,likely_short,1,SD,SD/PD
SAM26104d5adc89,GNAS,amplification,1,SD,SD/PD
SAM26104d5adc89,TERT,known_short,1,SD,SD/PD
SAM27299aed7681,CCND1,amplification,1,PR,CR/PR
SAM27299aed7681,CDKN2A,deletion,1,PR,CR/PR
SAM27299aed7681,CDKN2B,deletion,1,PR,CR/PR
SAM27299aed7681,FAT1,likely_short,1,PR,CR/PR
SAM27299aed7681,FGF19,amplification,1,PR,CR/PR
SAM27299aed7681,FGF3,amplification,1,PR,CR/PR
SAM27299aed7681,FRS2,amplification,1,PR,CR/PR
SAM27299aed7681,MDM2,amplification,1,PR,CR/PR
SAM27299aed7681,TERT,known_short,1,PR,CR/PR
SAM28687037e4ff,EP300,known_short,1,SD,SD/PD
SAM28687037e4ff,NFKBIA,amplification,1,SD,SD/PD
SAM28687037e4ff,NKX2-1,amplification,1,SD,SD/PD
SAM28687037e4ff,TERT,known_short,1,SD,SD/PD
SAM28687037e4ff,TP53,known_short,1,SD,SD/PD
SAM28e6031ac18b,ARID1A,known_short,1,SD,SD/PD
SAM28e6031ac18b,ASXL1,known_short,1,SD,SD/PD
SAM28e6031ac18b,ATM,likely_short,1,SD,SD/PD
SAM28e6031ac18b,ATRX,likely_short,1,SD,SD/PD
SAM28e6031ac18b,BCORL1,likely_short,1,SD,SD/PD
SAM28e6031ac18b,CREBBP,likely_short,1,SD,SD/PD
SAM28e6031ac18b,CTCF,likely_short,1,SD,SD/PD
SAM28e6031ac18b,EZH2,likely_short,1,SD,SD/PD
SAM28e6031ac18b,FGFR3,known_short,1,SD,SD/PD
SAM28e6031ac18b,FLCN,likely_short,1,SD,SD/PD
SAM28e6031ac18b,HNF1A,known_short,1,SD,SD/PD
SAM28e6031ac18b,MLL2,likely_short,1,SD,SD/PD
SAM28e6031ac18b,MSH6,likely_short,1,SD,SD/PD
SAM28e6031ac18b,NF1,known_short,1,SD,SD/PD
SAM28e6031ac18b,NOTCH4,likely_short,1,SD,SD/PD
SAM28e6031ac18b,PARK2,likely_short,1,SD,SD/PD
SAM28e6031ac18b,RAD50,likely_short,1,SD,SD/PD
SAM28e6031ac18b,RPTOR,known_short,1,SD,SD/PD
SAM28e6031ac18b,TRRAP,known_short,1,SD,SD/PD
SAM297c0301e861,FUBP1,likely_short,1,PD,SD/PD
SAM297c0301e861,NF2,likely_short,1,PD,SD/PD
SAM297c0301e861,PIK3CA,known_short,1,PD,SD/PD
SAM297c0301e861,RB1,known_short,1,PD,SD/PD
SAM2b672f4336c7,MYC,amplification,1,SD,SD/PD
SAM2b672f4336c7,NOTCH1,known_short,1,SD,SD/PD
SAM2b672f4336c7,TERT,known_short,1,SD,SD/PD
SAM2b672f4336c7,TSC1,likely_short,1,SD,SD/PD
SAM2bba8cb35e48,APC,known_short,1,PD,SD/PD
SAM2bba8cb35e48,ARID1A,known_short,1,PD,SD/PD
SAM2bba8cb35e48,ARID1A,likely_short,1,PD,SD/PD
SAM2bba8cb35e48,CDKN2A,known_short,1,PD,SD/PD
SAM2bba8cb35e48,CREBBP,known_short,1,PD,SD/PD
SAM2bba8cb35e48,SPTA1,likely_short,1,PD,SD/PD
SAM2bba8cb35e48,TERT,known_short,1,PD,SD/PD
SAM2c9586161ce6,ACVR1B,likely_short,1,PD,SD/PD
SAM2c9586161ce6,CCND1,amplification,1,PD,SD/PD
SAM2c9586161ce6,CDKN2A,deletion,1,PD,SD/PD
SAM2c9586161ce6,CDKN2B,deletion,1,PD,SD/PD
SAM2c9586161ce6,FGF19,amplification,1,PD,SD/PD
SAM2c9586161ce6,FGF3,amplification,1,PD,SD/PD
SAM2c9586161ce6,FGF4,amplification,1,PD,SD/PD
SAM2c9586161ce6,FGFR3,known_short,1,PD,SD/PD
SAM2c9586161ce6,TERT,known_short,1,PD,SD/PD
SAM2c9586161ce6,TSC1,likely_short,1,PD,SD/PD
SAM2dc3f04e45e9,ERBB3,known_short,1,PD,SD/PD
SAM2dc3f04e45e9,TERT,known_short,1,PD,SD/PD
SAM2dc3f04e45e9,TP53,known_short,1,PD,SD/PD
SAM2dc578e0165f,CCND1,amplification,1,NE,
SAM2dc578e0165f,CD274,known_short,1,NE,
SAM2dc578e0165f,CDKN2A,deletion,1,NE,
SAM2dc578e0165f,CDKN2B,deletion,1,NE,
SAM2dc578e0165f,MCL1,amplification,1,NE,
SAM2dc578e0165f,MYC,amplification,1,NE,
SAM2dc578e0165f,NOTCH2,known_short,1,NE,
SAM2dc578e0165f,PRKCI,amplification,1,NE,
SAM2dc578e0165f,TP53,known_short,1,NE,
SAM2dc578e0165f,WT1,known_short,1,NE,
SAM2e7aa8fa0ab3,ARID1A,likely_short,1,PD,SD/PD
SAM2e7aa8fa0ab3,CDK4,amplification,1,PD,SD/PD
SAM2e7aa8fa0ab3,FRS2,amplification,1,PD,SD/PD
SAM2e7aa8fa0ab3,IGF1,amplification,1,PD,SD/PD
SAM2e7aa8fa0ab3,MDM2,amplification,1,PD,SD/PD
SAM2e7aa8fa0ab3,PIK3CA,known_short,1,PD,SD/PD
SAM2e7aa8fa0ab3,RUNX1,known_short,1,PD,SD/PD
SAM2e7aa8fa0ab3,TERT,known_short,1,PD,SD/PD
SAM2e9ac0b1b250,BRCA2,likely_short,1,CR,CR/PR
SAM2e9ac0b1b250,KDM6A,likely_short,1,CR,CR/PR
SAM2e9ac0b1b250,NUP93,known_short,1,CR,CR/PR
SAM2e9ac0b1b250,TERT,known_short,1,CR,CR/PR
SAM2eb07dedf07f,CCNE1,amplification,1,PR,CR/PR
SAM2eb07dedf07f,KDM6A,likely_short,1,PR,CR/PR
SAM2eb07dedf07f,NCOR1,likely_short,1,PR,CR/PR
SAM2eb07dedf07f,PTEN,known_short,1,PR,CR/PR
SAM2eb07dedf07f,TERT,known_short,1,PR,CR/PR
SAM2eb07dedf07f,TP53,known_short,1,PR,CR/PR
SAM2f228939632f,EGFR,amplification,1,PD,SD/PD
SAM2f228939632f,SOX9,likely_short,1,PD,SD/PD
SAM2f228939632f,TP53,known_short,1,PD,SD/PD
SAM30b5c6c54cf7,ATM,likely_short,1,CR,CR/PR
SAM30b5c6c54cf7,CCND1,amplification,1,CR,CR/PR
SAM30b5c6c54cf7,FGF19,amplification,1,CR,CR/PR
SAM30b5c6c54cf7,FGF3,amplification,1,CR,CR/PR
SAM30b5c6c54cf7,FGF4,amplification,1,CR,CR/PR
SAM30b5c6c54cf7,LRP1B,likely_short,1,CR,CR/PR
SAM30b5c6c54cf7,MEN1,likely_short,1,CR,CR/PR
SAM30b5c6c54cf7,NFE2L2,known_short,1,CR,CR/PR
SAM30b5c6c54cf7,PBRM1,likely_short,1,CR,CR/PR
SAM31291c256373,ARID1A,likely_short,1,NE,
SAM31291c256373,EP300,likely_short,1,NE,
SAM31291c256373,EPHA7,known_short,1,NE,
SAM31291c256373,ERBB4,known_short,1,NE,
SAM31291c256373,FGF10,amplification,1,NE,
SAM31291c256373,PIK3CA,known_short,1,NE,
SAM31291c256373,RICTOR,amplification,1,NE,
SAM31291c256373,TERT,known_short,1,NE,
SAM31291c256373,TP53,likely_short,1,NE,
SAM31d9176e11fb,CASP8,likely_short,1,CR,CR/PR
SAM31d9176e11fb,CDKN2A,deletion,1,CR,CR/PR
SAM31d9176e11fb,CDKN2B,deletion,1,CR,CR/PR
SAM31d9176e11fb,CREBBP,likely_short,1,CR,CR/PR
SAM31d9176e11fb,DNMT3A,known_short,1,CR,CR/PR
SAM31d9176e11fb,FBXW7,likely_short,1,CR,CR/PR
SAM31d9176e11fb,HRAS,known_short,1,CR,CR/PR
SAM31d9176e11fb,KDM6A,likely_short,1,CR,CR/PR
SAM31d9176e11fb,MSH6,deletion,1,CR,CR/PR
SAM36851bc8b9ae,CDKN2A,deletion,1,SD,SD/PD
SAM36851bc8b9ae,CDKN2B,deletion,1,SD,SD/PD
SAM36851bc8b9ae,HRAS,known_short,1,SD,SD/PD
SAM36851bc8b9ae,MYCL1,amplification,1,SD,SD/PD
SAM36a9225b0222,KDM5A,amplification,1,SD,SD/PD
SAM36a9225b0222,KDM6A,likely_short,1,SD,SD/PD
SAM36a9225b0222,TP53,known_short,1,SD,SD/PD
SAM36d87392593b,ARID1A,likely_short,1,SD,SD/PD
SAM36d87392593b,CDKN2A,deletion,1,SD,SD/PD
SAM36d87392593b,CDKN2B,deletion,1,SD,SD/PD
SAM36d87392593b,EPHB1,gain,1,SD,SD/PD
SAM36d87392593b,MLL2,likely_short,1,SD,SD/PD
SAM36d87392593b,PIK3CA,gain,1,SD,SD/PD
SAM36d87392593b,PIK3CB,gain,1,SD,SD/PD
SAM36d87392593b,PRKCI,gain,1,SD,SD/PD
SAM36d87392593b,TP53,known_short,1,SD,SD/PD
SAM3785587846ce,CDKN2A,deletion,1,NE,
SAM3785587846ce,CDKN2B,deletion,1,NE,
SAM3785587846ce,CREBBP,deletion,1,NE,
SAM3785587846ce,FGFR3,known_short,1,NE,
SAM3785587846ce,KDM6A,likely_short,1,NE,
SAM3785587846ce,NUP93,known_short,1,NE,
SAM3785587846ce,PTPRD,likely_short,1,NE,
SAM3785587846ce,TERT,known_short,1,NE,
SAM3894ac3956a5,EP300,likely_short,1,PD,SD/PD
SAM3894ac3956a5,FGFR3,known_short,1,PD,SD/PD
SAM3894ac3956a5,TERT,known_short,1,PD,SD/PD
SAM3894ac3956a5,TSC1,likely_short,1,PD,SD/PD
SAM39eb94fa504d,ACVR1B,likely_short,1,PD,SD/PD
SAM39eb94fa504d,MSH6,likely_short,1,PD,SD/PD
SAM3b1066e5801b,PIK3CA,known_short,1,SD,SD/PD
SAM3b15b4c6311d,ARID1A,likely_short,1,CR,CR/PR
SAM3b15b4c6311d,ATR,likely_short,1,CR,CR/PR
SAM3b15b4c6311d,BAP1,likely_short,1,CR,CR/PR
SAM3b15b4c6311d,CREBBP,likely_short,1,CR,CR/PR
SAM3b15b4c6311d,FBXW7,known_short,1,CR,CR/PR
SAM3b15b4c6311d,MLL2,likely_short,1,CR,CR/PR
SAM3b15b4c6311d,STAG2,likely_short,1,CR,CR/PR
SAM3b15b4c6311d,TERT,known_short,1,CR,CR/PR
SAM3b15b4c6311d,TP53,known_short,1,CR,CR/PR
SAM3cb94b0d5297,ARID1A,known_short,1,PD,SD/PD
SAM3cb94b0d5297,CDKN1B,likely_short,1,PD,SD/PD
SAM3cb94b0d5297,ERBB3,known_short,1,PD,SD/PD
SAM3cb94b0d5297,SDHA,likely_short,1,PD,SD/PD
SAM3cb94b0d5297,TERT,known_short,1,PD,SD/PD
SAM3cb94b0d5297,TP53,known_short,1,PD,SD/PD
SAM3e8baff50d7a,ARID1A,likely_short,1,SD,SD/PD
SAM3e8baff50d7a,RB1,likely_short,1,SD,SD/PD
SAM3e8baff50d7a,TERT,known_short,1,SD,SD/PD
SAM3e8baff50d7a,TP53,known_short,1,SD,SD/PD
SAM4305ab968b90,CDKN2A,deletion,1,PD,SD/PD
SAM4305ab968b90,CDKN2B,deletion,1,PD,SD/PD
SAM4305ab968b90,FGFR3,known_short,1,PD,SD/PD
SAM4305ab968b90,FRS2,amplification,1,PD,SD/PD
SAM4305ab968b90,MDM2,amplification,1,PD,SD/PD
SAM4305ab968b90,MYC,amplification,1,PD,SD/PD
SAM4501e41e4751,BAP1,known_short,1,PD,SD/PD
SAM4501e41e4751,EGFR,known_short,1,PD,SD/PD
SAM4501e41e4751,FOXP1,likely_short,1,PD,SD/PD
SAM4501e41e4751,MLL2,likely_short,1,PD,SD/PD
SAM4501e41e4751,STAT4,likely_short,1,PD,SD/PD
SAM4501e41e4751,TERT,known_short,1,PD,SD/PD
SAM4581bac493af,BRCA1,likely_short,1,NE,
SAM4581bac493af,CDH1,likely_short,1,NE,
SAM4581bac493af,CDKN1B,likely_short,1,NE,
SAM4581bac493af,FGF10,gain,1,NE,
SAM4581bac493af,NF1,likely_short,1,NE,
SAM4581bac493af,PIK3CA,known_short,1,NE,
SAM4581bac493af,RICTOR,gain,1,NE,
SAM4581bac493af,TERT,known_short,1,NE,
SAM4581bac493af,TET2,likely_short,1,NE,
SAM4581bac493af,TP53,known_short,1,NE,
SAM45c8e6412c66,ERBB3,known_short,1,PD,SD/PD
SAM45c8e6412c66,MLL2,likely_short,1,PD,SD/PD
SAM45c8e6412c66,RB1,likely_short,1,PD,SD/PD
SAM45c8e6412c66,TERT,known_short,1,PD,SD/PD
SAM45c8e6412c66,TP53,known_short,1,PD,SD/PD
SAM468a9e1dc821,MTOR,known_short,1,PD,SD/PD
SAM468a9e1dc821,PIK3CA,known_short,1,PD,SD/PD
SAM468a9e1dc821,TERT,known_short,1,PD,SD/PD
SAM47fc46c3d6be,ARID1A,known_short,1,SD,SD/PD
SAM47fc46c3d6be,CCND3,gain,1,SD,SD/PD
SAM47fc46c3d6be,MDM2,amplification,1,SD,SD/PD
SAM47fc46c3d6be,MYC,amplification,1,SD,SD/PD
SAM47fc46c3d6be,RB1,known_short,1,SD,SD/PD
SAM47fc46c3d6be,TERT,known_short,1,SD,SD/PD
SAM47fc46c3d6be,VEGFA,gain,1,SD,SD/PD
SAM4918c524b83a,ATR,likely_short,1,NE,
SAM4918c524b83a,CDKN2A,deletion,1,NE,
SAM4918c524b83a,CDKN2B,deletion,1,NE,
SAM4918c524b83a,ERBB3,known_short,1,NE,
SAM4918c524b83a,FBXW7,likely_short,1,NE,
SAM4918c524b83a,MEN1,likely_short,1,NE,
SAM4918c524b83a,RBM10,likely_short,1,NE,
SAM4918c524b83a,TERT,known_short,1,NE,
SAM491e341d5a82,PIK3R2,likely_short,1,NE,
SAM491e341d5a82,RB1,likely_short,1,NE,
SAM491e341d5a82,TERT,known_short,1,NE,
SAM491e341d5a82,TP53,known_short,1,NE,
SAM49d48750e294,NCOR1,likely_short,1,PD,SD/PD
SAM49d48750e294,PIK3CA,known_short,1,PD,SD/PD
SAM49d48750e294,TERT,known_short,1,PD,SD/PD
SAM49d48750e294,TSC1,likely_short,1,PD,SD/PD
SAM49f9b2e57aa5,ARID1A,known_short,1,PD,SD/PD
SAM49f9b2e57aa5,CCND1,amplification,1,PD,SD/PD
SAM49f9b2e57aa5,EGFR,known_short,1,PD,SD/PD
SAM49f9b2e57aa5,PIK3CA,known_short,1,PD,SD/PD
SAM49f9b2e57aa5,TERT,known_short,1,PD,SD/PD
SAM4b0175e8db6e,FRS2,amplification,1,PD,SD/PD
SAM4b0175e8db6e,MDM2,amplification,1,PD,SD/PD
SAM4b0175e8db6e,NKX2-1,amplification,1,PD,SD/PD
SAM4b0175e8db6e,TERT,known_short,1,PD,SD/PD
SAM4caabd64e7fd,ARID1A,likely_short,1,PR,CR/PR
SAM4caabd64e7fd,ASXL1,likely_short,1,PR,CR/PR
SAM4caabd64e7fd,ATM,known_short,1,PR,CR/PR
SAM4caabd64e7fd,BCORL1,likely_short,1,PR,CR/PR
SAM4caabd64e7fd,CDH1,likely_short,1,PR,CR/PR
SAM4caabd64e7fd,CREBBP,likely_short,1,PR,CR/PR
SAM4caabd64e7fd,CTCF,likely_short,1,PR,CR/PR
SAM4caabd64e7fd,FBXW7,known_short,1,PR,CR/PR
SAM4caabd64e7fd,FBXW7,likely_short,1,PR,CR/PR
SAM4caabd64e7fd,FGFR3,known_short,1,PR,CR/PR
SAM4caabd64e7fd,INPP4B,likely_short,1,PR,CR/PR
SAM4caabd64e7fd,JAK1,known_short,1,PR,CR/PR
SAM4caabd64e7fd,KDM6A,likely_short,1,PR,CR/PR
SAM4caabd64e7fd,MLL2,known_short,1,PR,CR/PR
SAM4caabd64e7fd,MLL2,likely_short,1,PR,CR/PR
SAM4caabd64e7fd,MLL3,known_short,1,PR,CR/PR
SAM4caabd64e7fd,MSH2,known_short,1,PR,CR/PR
SAM4caabd64e7fd,NOTCH1,known_short,1,PR,CR/PR
SAM4caabd64e7fd,PBRM1,known_short,1,PR,CR/PR
SAM4caabd64e7fd,PTEN,known_short,1,PR,CR/PR
SAM4caabd64e7fd,RBM10,known_short,1,PR,CR/PR
SAM4caabd64e7fd,SMARCA4,known_short,1,PR,CR/PR
SAM4edbe45817b3,ARID2,likely_short,1,NE,
SAM4edbe45817b3,HRAS,known_short,1,NE,
SAM4edbe45817b3,KDM6A,likely_short,1,NE,
SAM4edbe45817b3,NCOR1,likely_short,1,NE,
SAM4edbe45817b3,PIK3CA,known_short,1,NE,
SAM5234688806a7,CDKN2A,deletion,1,PD,SD/PD
SAM5234688806a7,CDKN2B,deletion,1,PD,SD/PD
SAM5234688806a7,FGFR3,known_short,1,PD,SD/PD
SAM5234688806a7,FRS2,amplification,1,PD,SD/PD
SAM5234688806a7,IGF1,amplification,1,PD,SD/PD
SAM5234688806a7,MDM2,amplification,1,PD,SD/PD
SAM5234688806a7,TERT,known_short,1,PD,SD/PD
SAM52500cabdd36,FRS2,amplification,1,SD,SD/PD
SAM52500cabdd36,MCL1,amplification,1,SD,SD/PD
SAM52500cabdd36,MDM2,amplification,1,SD,SD/PD
SAM52500cabdd36,PTPN11,known_short,1,SD,SD/PD
SAM52500cabdd36,RB1,deletion,1,SD,SD/PD
SAM52500cabdd36,TERT,known_short,1,SD,SD/PD
SAM548551ef782c,ARID1A,known_short,1,PR,CR/PR
SAM548551ef782c,CDK8,amplification,1,PR,CR/PR
SAM548551ef782c,FGF14,amplification,1,PR,CR/PR
SAM548551ef782c,FGFR1,amplification,1,PR,CR/PR
SAM548551ef782c,FRS2,amplification,1,PR,CR/PR
SAM548551ef782c,IRS2,amplification,1,PR,CR/PR
SAM548551ef782c,MDM2,amplification,1,PR,CR/PR
SAM548551ef782c,MYST3,amplification,1,PR,CR/PR
SAM548551ef782c,RAF1,amplification,1,PR,CR/PR
SAM548551ef782c,TERT,known_short,1,PR,CR/PR
SAM548551ef782c,ZNF703,amplification,1,PR,CR/PR
SAM54e58f1b0230,FOXP1,likely_short,1,PD,SD/PD
SAM54e58f1b0230,MLL2,known_short,1,PD,SD/PD
SAM54e58f1b0230,TERT,known_short,1,PD,SD/PD
SAM54e58f1b0230,TP53,known_short,1,PD,SD/PD
SAM557dde1b9f3e,ERBB3,known_short,1,PD,SD/PD
SAM557dde1b9f3e,KDM6A,likely_short,1,PD,SD/PD
SAM557dde1b9f3e,TERT,known_short,1,PD,SD/PD
SAM560f23d6a3ad,ARID1A,known_short,1,CR,CR/PR
SAM560f23d6a3ad,STAG2,likely_short,1,CR,CR/PR
SAM560f23d6a3ad,TERT,known_short,1,CR,CR/PR
SAM560f23d6a3ad,TP53,known_short,1,CR,CR/PR
SAM572f19794c96,ARID2,likely_short,1,CR,CR/PR
SAM572f19794c96,BCOR,likely_short,1,CR,CR/PR
SAM572f19794c96,BRAF,known_short,1,CR,CR/PR
SAM572f19794c96,CTNNB1,known_short,1,CR,CR/PR
SAM572f19794c96,ERBB3,known_short,1,CR,CR/PR
SAM572f19794c96,KDM6A,known_short,1,CR,CR/PR
SAM572f19794c96,NRAS,known_short,1,CR,CR/PR
SAM572f19794c96,PIK3CA,known_short,1,CR,CR/PR
SAM572f19794c96,RBM10,likely_short,1,CR,CR/PR
SAM572f19794c96,TERT,known_short,1,CR,CR/PR
SAM572f19794c96,WT1,known_short,1,CR,CR/PR
SAM5767dd75d142,AXIN1,known_short,1,PR,CR/PR
SAM5767dd75d142,DICER1,likely_short,1,PR,CR/PR
SAM5767dd75d142,ERBB2,known_short,1,PR,CR/PR
SAM5767dd75d142,MCL1,amplification,1,PR,CR/PR
SAM5767dd75d142,MLL2,likely_short,1,PR,CR/PR
SAM5767dd75d142,MYCN,amplification,1,PR,CR/PR
SAM5767dd75d142,NBN,known_short,1,PR,CR/PR
SAM5767dd75d142,NCOR1,likely_short,1,PR,CR/PR
SAM5767dd75d142,RB1,likely_short,1,PR,CR/PR
SAM5767dd75d142,TP53,known_short,1,PR,CR/PR
SAM58e7832f4e7d,FGFR3,known_short,1,PR,CR/PR
SAM58e7832f4e7d,KDM6A,likely_short,1,PR,CR/PR
SAM58e7832f4e7d,PIK3CA,known_short,1,PR,CR/PR
SAM58e7832f4e7d,STAG2,likely_short,1,PR,CR/PR
SAM58e7832f4e7d,TP53,known_short,1,PR,CR/PR
SAM59289ca42c99,EP300,likely_short,1,NE,
SAM59289ca42c99,EPHA6,known_short,1,NE,
SAM59289ca42c99,FRS2,amplification,1,NE,
SAM59289ca42c99,MDM2,amplification,1,NE,
SAM59289ca42c99,SF3B1,known_short,1,NE,
SAM59289ca42c99,TERT,known_short,1,NE,
SAM59b825252c0d,ARID1A,likely_short,1,NE,
SAM59b825252c0d,BRCA1,likely_short,1,NE,
SAM59b825252c0d,CDKN2A,deletion,1,NE,
SAM59b825252c0d,CDKN2B,deletion,1,NE,
SAM59b825252c0d,MTOR,amplification,1,NE,
SAM59b825252c0d,NOTCH4,likely_short,1,NE,
SAM59b825252c0d,TP53,known_short,1,NE,
SAM59f392864f5d,ARID1A,known_short,1,SD,SD/PD
SAM59f392864f5d,ERBB2,amplification,1,SD,SD/PD
SAM59f392864f5d,ERBB2,known_short,1,SD,SD/PD
SAM59f392864f5d,RB1,known_short,1,SD,SD/PD
SAM59f392864f5d,TERT,known_short,1,SD,SD/PD
SAM59f392864f5d,TP53,known_short,1,SD,SD/PD
SAM5a2347c0498a,ARID1A,likely_short,1,SD,SD/PD
SAM5a2347c0498a,BRCA2,likely_short,1,SD,SD/PD
SAM5a2347c0498a,FGF10,gain,1,SD,SD/PD
SAM5a2347c0498a,RB1,deletion,1,SD,SD/PD
SAM5a2347c0498a,RICTOR,gain,1,SD,SD/PD
SAM5a2347c0498a,TERT,known_short,1,SD,SD/PD
SAM5a2347c0498a,TP53,known_short,1,SD,SD/PD
SAM5b57e47fdcb3,CCND1,amplification,1,PD,SD/PD
SAM5b57e47fdcb3,FBXW7,likely_short,1,PD,SD/PD
SAM5b57e47fdcb3,FGF19,amplification,1,PD,SD/PD
SAM5b57e47fdcb3,FGF3,amplification,1,PD,SD/PD
SAM5b57e47fdcb3,FGF4,amplification,1,PD,SD/PD
SAM5b57e47fdcb3,MLL2,likely_short,1,PD,SD/PD
SAM5b57e47fdcb3,MYCL1,amplification,1,PD,SD/PD
SAM5b57e47fdcb3,TP53,known_short,1,PD,SD/PD
SAM5cc2d9036053,CCND1,amplification,1,PD,SD/PD
SAM5cc2d9036053,DNMT3A,likely_short,1,PD,SD/PD
SAM5cc2d9036053,FGF19,amplification,1,PD,SD/PD
SAM5cc2d9036053,FGF3,amplification,1,PD,SD/PD
SAM5cc2d9036053,KDM6A,likely_short,1,PD,SD/PD
SAM5cc2d9036053,TERT,known_short,1,PD,SD/PD
SAM5cc2d9036053,TP53,likely_short,1,PD,SD/PD
SAM5cfa1699bdb7,ARID1A,likely_short,1,PD,SD/PD
SAM5cfa1699bdb7,CD274,amplification,1,PD,SD/PD
SAM5cfa1699bdb7,CDK4,amplification,1,PD,SD/PD
SAM5cfa1699bdb7,MLL2,likely_short,1,PD,SD/PD
SAM5cfa1699bdb7,MYC,amplification,1,PD,SD/PD
SAM5cfa1699bdb7,PDCD1LG2,amplification,1,PD,SD/PD
SAM5cfa1699bdb7,TERT,known_short,1,PD,SD/PD
SAM5cfa1699bdb7,TP53,known_short,1,PD,SD/PD
SAM5cfa1699bdb7,ZNF703,amplification,1,PD,SD/PD
SAM5d1dfd5207f5,CREBBP,likely_short,1,PD,SD/PD
SAM5d1dfd5207f5,FGFR3,known_short,1,PD,SD/PD
SAM5d1dfd5207f5,FGFR3,likely_short,1,PD,SD/PD
SAM5d1dfd5207f5,GATA2,likely_short,1,PD,SD/PD
SAM5d1dfd5207f5,MLL2,likely_short,1,PD,SD/PD
SAM5d1dfd5207f5,PIK3CA,known_short,1,PD,SD/PD
SAM5d1dfd5207f5,SLIT2,known_short,1,PD,SD/PD
SAM5d1dfd5207f5,TERT,known_short,1,PD,SD/PD
SAM5d1dfd5207f5,TP53,known_short,1,PD,SD/PD
SAM5d989c86255e,MLL2,likely_short,1,PD,SD/PD
SAM5e3bae090b8c,BRCA2,likely_short,1,PD,SD/PD
SAM5e3bae090b8c,CDKN2A,deletion,1,PD,SD/PD
SAM5e3bae090b8c,CDKN2B,deletion,1,PD,SD/PD
SAM5e3bae090b8c,ERBB2,known_short,1,PD,SD/PD
SAM5e3bae090b8c,TERT,known_short,1,PD,SD/PD
SAM5e3bae090b8c,TP53,likely_short,1,PD,SD/PD
SAM5e3bae090b8c,TSC1,likely_short,1,PD,SD/PD
SAM5e3bae090b8c,ZNF703,amplification,1,PD,SD/PD
SAM5fc9ae0aed1f,CCND1,amplification,1,NE,
SAM5fc9ae0aed1f,CCNE1,amplification,1,NE,
SAM5fc9ae0aed1f,DNMT3A,known_short,1,NE,
SAM5fc9ae0aed1f,FGF19,amplification,1,NE,
SAM5fc9ae0aed1f,FGF3,amplification,1,NE,
SAM5fc9ae0aed1f,FGF4,amplification,1,NE,
SAM5fc9ae0aed1f,MLL2,likely_short,1,NE,
SAM5fc9ae0aed1f,RICTOR,amplification,1,NE,
SAM5fc9ae0aed1f,SF3B1,known_short,1,NE,
SAM5fc9ae0aed1f,STK11,known_short,1,NE,
SAM5fc9ae0aed1f,TERT,known_short,1,NE,
SAM5fc9ae0aed1f,TP53,known_short,1,NE,
SAM5fe7a81a39dd,AKT2,amplification,1,PD,SD/PD
SAM5fe7a81a39dd,CCND3,amplification,1,PD,SD/PD
SAM5fe7a81a39dd,KDM6A,known_short,1,PD,SD/PD
SAM5fe7a81a39dd,TP53,known_short,1,PD,SD/PD
SAM6083aac8db99,ERBB4,known_short,1,PR,CR/PR
SAM6083aac8db99,NTRK1,known_short,1,PR,CR/PR
SAM6083aac8db99,TERT,known_short,1,PR,CR/PR
SAM6157c8f38b72,KDM6A,likely_short,1,PR,CR/PR
SAM6157c8f38b72,RB1,likely_short,1,PR,CR/PR
SAM6157c8f38b72,TERT,known_short,1,PR,CR/PR
SAM61b9d4d84c64,CCND1,amplification,1,SD,SD/PD
SAM61b9d4d84c64,CREBBP,likely_short,1,SD,SD/PD
SAM61b9d4d84c64,FGF19,amplification,1,SD,SD/PD
SAM61b9d4d84c64,FGF3,amplification,1,SD,SD/PD
SAM61b9d4d84c64,FGF4,amplification,1,SD,SD/PD
SAM61b9d4d84c64,GNA13,known_short,1,SD,SD/PD
SAM61b9d4d84c64,KDM6A,likely_short,1,SD,SD/PD
SAM61b9d4d84c64,TERT,known_short,1,SD,SD/PD
SAM61b9d4d84c64,TP53,known_short,1,SD,SD/PD
SAM62fb1388c871,ARID1A,likely_short,1,PD,SD/PD
SAM62fb1388c871,CCND1,amplification,1,PD,SD/PD
SAM62fb1388c871,EGFR,amplification,1,PD,SD/PD
SAM62fb1388c871,FGF19,amplification,1,PD,SD/PD
SAM62fb1388c871,FGF3,amplification,1,PD,SD/PD
SAM62fb1388c871,FGF4,amplification,1,PD,SD/PD
SAM62fb1388c871,MYCN,amplification,1,PD,SD/PD
SAM62fb1388c871,RAF1,amplification,1,PD,SD/PD
SAM62fb1388c871,TP53,known_short,1,PD,SD/PD
SAM63b2189c36d7,LYN,gain,1,PD,SD/PD
SAM63b2189c36d7,MYST3,gain,1,PD,SD/PD
SAM63b2189c36d7,SETD2,likely_short,1,PD,SD/PD
SAM63b2189c36d7,TERT,known_short,1,PD,SD/PD
SAM65afda25b920,SPTA1,known_short,1,SD,SD/PD
SAM65afda25b920,TP53,known_short,1,SD,SD/PD
SAM6662f5181f87,CCND1,amplification,1,PD,SD/PD
SAM6662f5181f87,CDKN2A,deletion,1,PD,SD/PD
SAM6662f5181f87,CDKN2B,deletion,1,PD,SD/PD
SAM6662f5181f87,IRS2,amplification,1,PD,SD/PD
SAM6662f5181f87,TERT,known_short,1,PD,SD/PD
SAM670649e105b5,ARID1A,known_short,1,CR,CR/PR
SAM670649e105b5,BCL2L2,amplification,1,CR,CR/PR
SAM670649e105b5,CCND1,amplification,1,CR,CR/PR
SAM670649e105b5,CHD4,likely_short,1,CR,CR/PR
SAM670649e105b5,FGF3,amplification,1,CR,CR/PR
SAM670649e105b5,MYCL1,amplification,1,CR,CR/PR
SAM670649e105b5,PIK3CA,known_short,1,CR,CR/PR
SAM670649e105b5,TERT,known_short,1,CR,CR/PR
SAM670649e105b5,TP53,known_short,1,CR,CR/PR
SAM675a12a09c15,ERBB4,amplification,1,PD,SD/PD
SAM675a12a09c15,FUBP1,likely_short,1,PD,SD/PD
SAM675a12a09c15,STAG2,likely_short,1,PD,SD/PD
SAM6780ed436b55,ACVR1B,likely_short,1,PD,SD/PD
SAM6780ed436b55,ARID1A,known_short,1,PD,SD/PD
SAM6780ed436b55,MDM4,gain,1,PD,SD/PD
SAM6780ed436b55,MLL2,likely_short,1,PD,SD/PD
SAM6780ed436b55,PIK3C2B,gain,1,PD,SD/PD
SAM6780ed436b55,PTEN,known_short,1,PD,SD/PD
SAM6780ed436b55,TP53,known_short,1,PD,SD/PD
SAM6792d6e98068,CDKN2A,deletion,1,PD,SD/PD
SAM6792d6e98068,CDKN2B,deletion,1,PD,SD/PD
SAM6792d6e98068,CTNNB1,known_short,1,PD,SD/PD
SAM6792d6e98068,HRAS,known_short,1,PD,SD/PD
SAM6792d6e98068,TERT,known_short,1,PD,SD/PD
SAM681e4bf7cf85,PIK3CA,known_short,1,PR,CR/PR
SAM681e4bf7cf85,TERT,known_short,1,PR,CR/PR
SAM6964a6d7b967,FGFR3,amplification,1,PD,SD/PD
SAM6964a6d7b967,FRS2,amplification,1,PD,SD/PD
SAM6964a6d7b967,GNAS,amplification,1,PD,SD/PD
SAM6964a6d7b967,MDM2,amplification,1,PD,SD/PD
SAM6964a6d7b967,PAX5,known_short,1,PD,SD/PD
SAM6964a6d7b967,PTEN,likely_short,1,PD,SD/PD
SAM6964a6d7b967,TERT,known_short,1,PD,SD/PD
SAM698d8d76b934,CDKN2A,known_short,1,NE,
SAM698d8d76b934,PAX5,likely_short,1,NE,
SAM698d8d76b934,SMARCA4,likely_short,1,NE,
SAM698d8d76b934,TP53,known_short,1,NE,
SAM6cb230f208a8,ATM,likely_short,1,PR,CR/PR
SAM6cb230f208a8,ERBB3,known_short,1,PR,CR/PR
SAM6cb230f208a8,FGFR1,amplification,1,PR,CR/PR
SAM6cb230f208a8,FRS2,amplification,1,PR,CR/PR
SAM6cb230f208a8,MDM2,amplification,1,PR,CR/PR
SAM6cb230f208a8,TERT,known_short,1,PR,CR/PR
SAM6cb230f208a8,ZNF703,amplification,1,PR,CR/PR
SAM6cbc10abddb0,MLL2,likely_short,1,PD,SD/PD
SAM6cbc10abddb0,PBRM1,known_short,1,PD,SD/PD
SAM6cbc10abddb0,SMAD4,likely_short,1,PD,SD/PD
SAM6cbc10abddb0,SPTA1,known_short,1,PD,SD/PD
SAM6cbc10abddb0,TP53,likely_short,1,PD,SD/PD
SAM6f2a102a99df,CCND3,amplification,1,CR,CR/PR
SAM6f2a102a99df,GNAS,amplification,1,CR,CR/PR
SAM6f2a102a99df,NF2,likely_short,1,CR,CR/PR
SAM6f2a102a99df,RB1,likely_short,1,CR,CR/PR
SAM6f2a102a99df,TERT,known_short,1,CR,CR/PR
SAM6f2a102a99df,TP53,known_short,1,CR,CR/PR
SAM6ff654a20f98,ERBB3,known_short,1,CR,CR/PR
SAM6ff654a20f98,FGFR1,amplification,1,CR,CR/PR
SAM6ff654a20f98,KDM6A,likely_short,1,CR,CR/PR
SAM6ff654a20f98,RAF1,amplification,1,CR,CR/PR
SAM6ff654a20f98,TERT,known_short,1,CR,CR/PR
SAM6ff654a20f98,TP53,known_short,1,CR,CR/PR
SAM6ff654a20f98,TSC1,likely_short,1,CR,CR/PR
SAM6ff654a20f98,ZNF703,amplification,1,CR,CR/PR
SAM7114d99032ec,ARID1A,likely_short,1,PD,SD/PD
SAM7114d99032ec,KDM6A,likely_short,1,PD,SD/PD
SAM7114d99032ec,PIK3CA,known_short,1,PD,SD/PD
SAM7114d99032ec,STAG2,likely_short,1,PD,SD/PD
SAM7114d99032ec,TERT,known_short,1,PD,SD/PD
SAM714285adf612,LRP1B,known_short,1,NE,
SAM714285adf612,NF2,likely_short,1,NE,
SAM716f54e468f4,CCNE1,amplification,1,SD,SD/PD
SAM716f54e468f4,KDM6A,likely_short,1,SD,SD/PD
SAM716f54e468f4,MCL1,amplification,1,SD,SD/PD
SAM716f54e468f4,RBM10,likely_short,1,SD,SD/PD
SAM716f54e468f4,TP53,known_short,1,SD,SD/PD
SAM716f54e468f4,ZNF703,amplification,1,SD,SD/PD
SAM727c0e92a2a7,ARID1A,likely_short,1,PR,CR/PR
SAM727c0e92a2a7,PIK3CA,known_short,1,PR,CR/PR
SAM727c0e92a2a7,RB1,known_short,1,PR,CR/PR
SAM727c0e92a2a7,TERT,known_short,1,PR,CR/PR
SAM727c0e92a2a7,TP53,known_short,1,PR,CR/PR
SAM73b653ae20d1,CD274,amplification,1,NE,
SAM73b653ae20d1,FGF10,amplification,1,NE,
SAM73b653ae20d1,FGF6,amplification,1,NE,
SAM73b653ae20d1,JAK2,amplification,1,NE,
SAM73b653ae20d1,MET,amplification,1,NE,
SAM73b653ae20d1,MYC,amplification,1,NE,
SAM73b653ae20d1,PDCD1LG2,amplification,1,NE,
SAM73b653ae20d1,RICTOR,amplification,1,NE,
SAM73b653ae20d1,TP53,known_short,1,NE,
SAM75142fcab9df,FRS2,amplification,1,PD,SD/PD
SAM75142fcab9df,MDM2,amplification,1,PD,SD/PD
SAM7538ad9ff524,ARID2,known_short,1,SD,SD/PD
SAM7538ad9ff524,ATM,likely_short,1,SD,SD/PD
SAM7538ad9ff524,CDKN2A,deletion,1,SD,SD/PD
SAM7538ad9ff524,CDKN2B,deletion,1,SD,SD/PD
SAM7538ad9ff524,FGFR3,known_short,1,SD,SD/PD
SAM7538ad9ff524,MAP2K4,deletion,1,SD,SD/PD
SAM7538ad9ff524,MAP3K13,known_short,1,SD,SD/PD
SAM7538ad9ff524,MLL2,likely_short,1,SD,SD/PD
SAM7538ad9ff524,NCOR1,likely_short,1,SD,SD/PD
SAM7538ad9ff524,PAX5,likely_short,1,SD,SD/PD
SAM7538ad9ff524,SPTA1,likely_short,1,SD,SD/PD
SAM7538ad9ff524,TERT,known_short,1,SD,SD/PD
SAM753d4bb52dbe,CCND1,amplification,1,SD,SD/PD
SAM753d4bb52dbe,CDK6,amplification,1,SD,SD/PD
SAM753d4bb52dbe,FGF19,amplification,1,SD,SD/PD
SAM753d4bb52dbe,FGF3,amplification,1,SD,SD/PD
SAM753d4bb52dbe,LRP1B,likely_short,1,SD,SD/PD
SAM753d4bb52dbe,MLL2,likely_short,1,SD,SD/PD
SAM753d4bb52dbe,TP53,known_short,1,SD,SD/PD
SAM75f12d1a55fc,ARID1A,likely_short,1,SD,SD/PD
SAM75f12d1a55fc,RB1,likely_short,1,SD,SD/PD
SAM75f12d1a55fc,ZNF703,amplification,1,SD,SD/PD
SAM76a431ba6ce1,KRAS,known_short,1,PD,SD/PD
SAM7746b76437e6,FGFR3,known_short,1,NE,
SAM7746b76437e6,STAG2,likely_short,1,NE,
SAM7746b76437e6,TERT,known_short,1,NE,
SAM7829a341b9f3,BRCA1,likely_short,1,PD,SD/PD
SAM7829a341b9f3,CTNNB1,deletion,1,PD,SD/PD
SAM7829a341b9f3,FOXP1,likely_short,1,PD,SD/PD
SAM7829a341b9f3,RB1,likely_short,1,PD,SD/PD
SAM7829a341b9f3,TP53,known_short,1,PD,SD/PD
SAM7893196e0e89,CDKN2A,deletion,1,PD,SD/PD
SAM7893196e0e89,CDKN2B,deletion,1,PD,SD/PD
SAM7893196e0e89,FGF14,known_short,1,PD,SD/PD
SAM7893196e0e89,MLL2,likely_short,1,PD,SD/PD
SAM7893196e0e89,PALB2,likely_short,1,PD,SD/PD
SAM7893196e0e89,TP53,known_short,1,PD,SD/PD
SAM7a9093b9c7e9,FRS2,amplification,1,NE,
SAM7a9093b9c7e9,MDM2,amplification,1,NE,
SAM7b40007f4aa4,AKT2,amplification,1,PR,CR/PR
SAM7b40007f4aa4,ATM,known_short,1,PR,CR/PR
SAM7b40007f4aa4,FGF10,gain,1,PR,CR/PR
SAM7b40007f4aa4,FGFR1,amplification,1,PR,CR/PR
SAM7b40007f4aa4,FGFR2,amplification,1,PR,CR/PR
SAM7b40007f4aa4,GNAS,amplification,1,PR,CR/PR
SAM7b40007f4aa4,MLL2,likely_short,1,PR,CR/PR
SAM7b40007f4aa4,PTEN,known_short,1,PR,CR/PR
SAM7b40007f4aa4,RB1,likely_short,1,PR,CR/PR
SAM7b40007f4aa4,RICTOR,gain,1,PR,CR/PR
SAM7b40007f4aa4,TP53,known_short,1,PR,CR/PR
SAM7b40007f4aa4,ZNF703,amplification,1,PR,CR/PR
SAM7c67b05aa109,BRCA2,likely_short,1,SD,SD/PD
SAM7c67b05aa109,HRAS,known_short,1,SD,SD/PD
SAM7c67b05aa109,TERT,known_short,1,SD,SD/PD
SAM7d7c54623618,ARID1A,known_short,1,PR,CR/PR
SAM7d7c54623618,ERBB2,amplification,1,PR,CR/PR
SAM7d7c54623618,FLCN,likely_short,1,PR,CR/PR
SAM7d7c54623618,GATA6,amplification,1,PR,CR/PR
SAM7d7c54623618,MYCL1,amplification,1,PR,CR/PR
SAM7d7c54623618,RB1,likely_short,1,PR,CR/PR
SAM7d7c54623618,TERT,known_short,1,PR,CR/PR
SAM7d7c54623618,TP53,known_short,1,PR,CR/PR
SAM7ee2b6e4d6b3,ARID1A,known_short,1,NE,
SAM7ee2b6e4d6b3,ARID1A,likely_short,1,NE,
SAM7ee2b6e4d6b3,BRD4,likely_short,1,NE,
SAM7ee2b6e4d6b3,CDH1,likely_short,1,NE,
SAM7ee2b6e4d6b3,CDKN2A,likely_short,1,NE,
SAM7ee2b6e4d6b3,CREBBP,likely_short,1,NE,
SAM7ee2b6e4d6b3,EP300,likely_short,1,NE,
SAM7ee2b6e4d6b3,FGFR3,known_short,1,NE,
SAM7ee2b6e4d6b3,MLL2,likely_short,1,NE,
SAM7ee2b6e4d6b3,MLL3,known_short,1,NE,
SAM7ee2b6e4d6b3,MSH2,likely_short,1,NE,
SAM7ee2b6e4d6b3,PMS2,likely_short,1,NE,
SAM7ee2b6e4d6b3,STAG2,likely_short,1,NE,
SAM7ee2b6e4d6b3,TET2,known_short,1,NE,
SAM7fb6987514a4,PTEN,known_short,1,PD,SD/PD
SAM7fb6987514a4,RB1,known_short,1,PD,SD/PD
SAM7fb7a13c096b,ARID1A,known_short,1,PD,SD/PD
SAM7fb7a13c096b,EGFR,likely_short,1,PD,SD/PD
SAM7fb7a13c096b,ERBB2,amplification,1,PD,SD/PD
SAM7fb7a13c096b,NCOR1,known_short,1,PD,SD/PD
SAM7fb7a13c096b,RB1,likely_short,1,PD,SD/PD
SAM7fb7a13c096b,TERT,known_short,1,PD,SD/PD
SAM7fb7a13c096b,TP53,known_short,1,PD,SD/PD
SAM80c6183220e6,CDKN2A,deletion,1,PD,SD/PD
SAM80c6183220e6,CDKN2B,deletion,1,PD,SD/PD
SAM80c6183220e6,FGF10,gain,1,PD,SD/PD
SAM80c6183220e6,KDM6A,likely_short,1,PD,SD/PD
SAM80c6183220e6,PIK3CA,known_short,1,PD,SD/PD
SAM80c6183220e6,RICTOR,gain,1,PD,SD/PD
SAM80c6183220e6,TERT,known_short,1,PD,SD/PD
SAM80c6183220e6,TP53,likely_short,1,PD,SD/PD
SAM81b71522417a,ARFRP1,gain,1,PD,SD/PD
SAM81b71522417a,AURKA,gain,1,PD,SD/PD
SAM81b71522417a,BCL2L1,gain,1,PD,SD/PD
SAM81b71522417a,CDKN2A,deletion,1,PD,SD/PD
SAM81b71522417a,CDKN2B,deletion,1,PD,SD/PD
SAM81b71522417a,CREBBP,likely_short,1,PD,SD/PD
SAM81b71522417a,FGFR3,known_short,1,PD,SD/PD
SAM81b71522417a,GNAS,gain,1,PD,SD/PD
SAM81b71522417a,RPA1,known_short,1,PD,SD/PD
SAM81b71522417a,SRC,gain,1,PD,SD/PD
SAM81b71522417a,TERT,known_short,1,PD,SD/PD
SAM81b71522417a,TOP1,gain,1,PD,SD/PD
SAM81b71522417a,TP53,known_short,1,PD,SD/PD
SAM81b71522417a,ZNF217,gain,1,PD,SD/PD
SAM8533e5e261d6,CREBBP,likely_short,1,PR,CR/PR
SAM8533e5e261d6,FGFR3,known_short,1,PR,CR/PR
SAM8533e5e261d6,PTEN,known_short,1,PR,CR/PR
SAM8533e5e261d6,TERT,known_short,1,PR,CR/PR
SAM85e41e7f33f9,CREBBP,deletion,1,NE,
SAM85e41e7f33f9,NF2,likely_short,1,NE,
SAM85e41e7f33f9,PIK3CA,known_short,1,NE,
SAM85e41e7f33f9,TERT,known_short,1,NE,
SAM85e41e7f33f9,TP53,known_short,1,NE,
SAM85f0a3ac1c45,ARID1A,likely_short,1,PD,SD/PD
SAM85f0a3ac1c45,HRAS,known_short,1,PD,SD/PD
SAM85f0a3ac1c45,MLL2,likely_short,1,PD,SD/PD
SAM85f0a3ac1c45,RAD51,likely_short,1,PD,SD/PD
SAM85f0a3ac1c45,TERT,known_short,1,PD,SD/PD
SAM87a8e18eb45b,DICER1,likely_short,1,PD,SD/PD
SAM87a8e18eb45b,FGFR3,known_short,1,PD,SD/PD
SAM87a8e18eb45b,KDM6A,likely_short,1,PD,SD/PD
SAM87a8e18eb45b,TERT,known_short,1,PD,SD/PD
SAM8884fe446d20,CCND1,amplification,1,PR,CR/PR
SAM8884fe446d20,TERT,known_short,1,PR,CR/PR
SAM8884fe446d20,TP53,known_short,1,PR,CR/PR
SAM8a1b0e02ee42,APC,likely_short,1,CR,CR/PR
SAM8a1b0e02ee42,FGF10,amplification,1,CR,CR/PR
SAM8a1b0e02ee42,FGFR1,amplification,1,CR,CR/PR
SAM8a1b0e02ee42,FGFR3,amplification,1,CR,CR/PR
SAM8a1b0e02ee42,KDM6A,likely_short,1,CR,CR/PR
SAM8a1b0e02ee42,MYCL1,amplification,1,CR,CR/PR
SAM8a1b0e02ee42,MYST3,amplification,1,CR,CR/PR
SAM8a1b0e02ee42,PRKCI,amplification,1,CR,CR/PR
SAM8a1b0e02ee42,RICTOR,amplification,1,CR,CR/PR
SAM8a1b0e02ee42,STAT4,likely_short,1,CR,CR/PR
SAM8a1b0e02ee42,TERT,known_short,1,CR,CR/PR
SAM8a1b0e02ee42,TP53,known_short,1,CR,CR/PR
SAM8a1b0e02ee42,ZNF703,amplification,1,CR,CR/PR
SAM8a42c0d59187,BRIP1,likely_short,1,NE,
SAM8a42c0d59187,EGFR,likely_short,1,NE,
SAM8a42c0d59187,MLL2,likely_short,1,NE,
SAM8a42c0d59187,TERT,known_short,1,NE,
SAM8b4b8b0f9e73,ARID1A,likely_short,1,SD,SD/PD
SAM8b4b8b0f9e73,TERT,known_short,1,SD,SD/PD
SAM8e43e9caf307,CCNE1,amplification,1,NE,
SAM8e43e9caf307,ERBB2,amplification,1,NE,
SAM8e43e9caf307,TERT,known_short,1,NE,
SAM8e43e9caf307,TP53,known_short,1,NE,
SAM8e469834acc1,CCND1,amplification,1,PD,SD/PD
SAM8e469834acc1,FGF19,amplification,1,PD,SD/PD
SAM8e469834acc1,FGF3,amplification,1,PD,SD/PD
SAM8e469834acc1,GATA1,known_short,1,PD,SD/PD
SAM8e469834acc1,TERT,known_short,1,PD,SD/PD
SAM8e469834acc1,TSC1,likely_short,1,PD,SD/PD
SAM8e8ef2368dfa,ARID1A,likely_short,1,PD,SD/PD
SAM8e8ef2368dfa,HRAS,known_short,1,PD,SD/PD
SAM8e8ef2368dfa,PIK3CA,known_short,1,PD,SD/PD
SAM8e8ef2368dfa,TERT,known_short,1,PD,SD/PD
SAM8f2275c36e8c,FGFR3,known_short,1,SD,SD/PD
SAM8f2275c36e8c,TERT,known_short,1,SD,SD/PD
SAM8f2275c36e8c,TSC1,likely_short,1,SD,SD/PD
SAM91c47b054ffb,ATR,likely_short,1,PR,CR/PR
SAM91c47b054ffb,CREBBP,likely_short,1,PR,CR/PR
SAM91c47b054ffb,ERRFI1,known_short,1,PR,CR/PR
SAM91c47b054ffb,FGF14,amplification,1,PR,CR/PR
SAM91c47b054ffb,MYCN,amplification,1,PR,CR/PR
SAM91c47b054ffb,RB1,likely_short,1,PR,CR/PR
SAM91c47b054ffb,TOP2A,known_short,1,PR,CR/PR
SAM91c47b054ffb,TP53,known_short,1,PR,CR/PR
SAM9306c5c92444,ARID1A,likely_short,1,PD,SD/PD
SAM9306c5c92444,CREBBP,likely_short,1,PD,SD/PD
SAM9306c5c92444,EGFR,likely_short,1,PD,SD/PD
SAM9306c5c92444,MYCN,amplification,1,PD,SD/PD
SAM9306c5c92444,NKX2-1,amplification,1,PD,SD/PD
SAM9306c5c92444,RAD50,likely_short,1,PD,SD/PD
SAM9306c5c92444,RB1,known_short,1,PD,SD/PD
SAM9306c5c92444,TERT,known_short,1,PD,SD/PD
SAM9306c5c92444,TP53,known_short,1,PD,SD/PD
SAM943df5cf15df,ATM,likely_short,1,PD,SD/PD
SAM943df5cf15df,FAT1,likely_short,1,PD,SD/PD
SAM943df5cf15df,NOTCH2,known_short,1,PD,SD/PD
SAM943df5cf15df,SMAD4,likely_short,1,PD,SD/PD
SAM943df5cf15df,TERT,known_short,1,PD,SD/PD
SAM9448d858692c,BCL2L1,amplification,1,NE,
SAM9448d858692c,FGF10,amplification,1,NE,
SAM9448d858692c,MYST3,amplification,1,NE,
SAM9448d858692c,RICTOR,amplification,1,NE,
SAM9448d858692c,TERT,known_short,1,NE,
SAM9448d858692c,TP53,known_short,1,NE,
SAM9448d858692c,ZNF703,amplification,1,NE,
SAM94859b440b1d,AXIN1,known_short,1,PD,SD/PD
SAM94859b440b1d,CDKN2A,deletion,1,PD,SD/PD
SAM94859b440b1d,CDKN2B,deletion,1,PD,SD/PD
SAM94859b440b1d,EGFR,amplification,1,PD,SD/PD
SAM94859b440b1d,EGFR,likely_short,1,PD,SD/PD
SAM94859b440b1d,PIK3R1,known_short,1,PD,SD/PD
SAM94859b440b1d,TERT,known_short,1,PD,SD/PD
SAM961d04c42bd9,EP300,likely_short,1,PD,SD/PD
SAM961d04c42bd9,ERBB2,known_short,1,PD,SD/PD
SAM961d04c42bd9,MLL2,known_short,1,PD,SD/PD
SAM961d04c42bd9,MLL2,likely_short,1,PD,SD/PD
SAM961d04c42bd9,MYC,amplification,1,PD,SD/PD
SAM961d04c42bd9,STAG2,likely_short,1,PD,SD/PD
SAM961d04c42bd9,TP53,known_short,1,PD,SD/PD
SAM961d04c42bd9,TSC1,likely_short,1,PD,SD/PD
SAM9681450bbc90,ARID1A,likely_short,1,NE,
SAM9681450bbc90,CEBPA,known_short,1,NE,
SAM9681450bbc90,EP300,likely_short,1,NE,
SAM9681450bbc90,MLL2,likely_short,1,NE,
SAM9681450bbc90,PBRM1,likely_short,1,NE,
SAM9681450bbc90,RAD51C,likely_short,1,NE,
SAM9681450bbc90,TP53,known_short,1,NE,
SAM9725303dce0c,CREBBP,likely_short,1,PD,SD/PD
SAM9725303dce0c,ERBB2,amplification,1,PD,SD/PD
SAM9725303dce0c,TERT,known_short,1,PD,SD/PD
SAM9725303dce0c,TOP2A,amplification,1,PD,SD/PD
SAM9725303dce0c,TP53,known_short,1,PD,SD/PD
SAM978a587b207e,NOTCH4,known_short,1,PD,SD/PD
SAM978a587b207e,RBM10,likely_short,1,PD,SD/PD
SAM978a587b207e,TERT,known_short,1,PD,SD/PD
SAM978a587b207e,TP53,known_short,1,PD,SD/PD
SAM97a00e0929fb,ARID1A,likely_short,1,PR,CR/PR
SAM97a00e0929fb,PIK3CA,known_short,1,PR,CR/PR
SAM97a00e0929fb,TP53,known_short,1,PR,CR/PR
SAM99a46b9eec27,ERBB2,known_short,1,PD,SD/PD
SAM99a46b9eec27,FANCC,known_short,1,PD,SD/PD
SAM99a46b9eec27,TERT,known_short,1,PD,SD/PD
SAM9a2cf3c06fb3,CCND3,amplification,1,PD,SD/PD
SAM9a2cf3c06fb3,CDKN1B,likely_short,1,PD,SD/PD
SAM9a2cf3c06fb3,KDM5C,likely_short,1,PD,SD/PD
SAM9a2cf3c06fb3,RAF1,amplification,1,PD,SD/PD
SAM9a2cf3c06fb3,TERT,known_short,1,PD,SD/PD
SAM9a2cf3c06fb3,TP53,known_short,1,PD,SD/PD
SAM9aa6a095a9d6,FGFR3,known_short,1,PD,SD/PD
SAM9aa6a095a9d6,MLL2,likely_short,1,PD,SD/PD
SAM9aa6a095a9d6,PIK3CA,known_short,1,PD,SD/PD
SAM9aa6a095a9d6,PTPRD,likely_short,1,PD,SD/PD
SAM9aa6a095a9d6,STAG2,likely_short,1,PD,SD/PD
SAM9b9d48b0b02c,BCL2L1,amplification,1,NE,
SAM9b9d48b0b02c,ERBB2,amplification,1,NE,
SAM9b9d48b0b02c,FAT1,likely_short,1,NE,
SAM9b9d48b0b02c,IKBKE,amplification,1,NE,
SAM9b9d48b0b02c,KDM6A,likely_short,1,NE,
SAM9b9d48b0b02c,RB1,known_short,1,NE,
SAM9b9d48b0b02c,RB1,likely_short,1,NE,
SAM9b9d48b0b02c,RBM10,likely_short,1,NE,
SAM9b9d48b0b02c,TERT,known_short,1,NE,
SAM9b9d48b0b02c,TP53,known_short,1,NE,
SAM9cafb905b36a,AKT1,known_short,1,PD,SD/PD
SAM9cafb905b36a,CDKN2A,known_short,1,PD,SD/PD
SAM9cafb905b36a,CREBBP,likely_short,1,PD,SD/PD
SAM9cafb905b36a,KDM6A,likely_short,1,PD,SD/PD
SAM9cafb905b36a,KRAS,known_short,1,PD,SD/PD
SAM9cafb905b36a,STAG2,likely_short,1,PD,SD/PD
SAM9cafb905b36a,TERT,known_short,1,PD,SD/PD
SAM9cafb905b36a,TP53,known_short,1,PD,SD/PD
SAM9e11ec6bea80,ARID1A,likely_short,1,SD,SD/PD
SAM9e11ec6bea80,EP300,likely_short,1,SD,SD/PD
SAM9e11ec6bea80,ERBB2,known_short,1,SD,SD/PD
SAM9e11ec6bea80,RB1,likely_short,1,SD,SD/PD
SAM9e11ec6bea80,TERT,known_short,1,SD,SD/PD
SAM9e11ec6bea80,TP53,known_short,1,SD,SD/PD
SAM9fb814c22bdb,DNMT3A,known_short,1,SD,SD/PD
SAM9fb814c22bdb,TSC1,likely_short,1,SD,SD/PD
SAMa0ca029b7afd,GNA13,known_short,1,NE,
SAMa0ca029b7afd,PTEN,known_short,1,NE,
SAMa0ca029b7afd,SF3B1,known_short,1,NE,
SAMa0ca029b7afd,TBX3,likely_short,1,NE,
SAMa0ca029b7afd,TERT,known_short,1,NE,
SAMa1e62d323e1d,ARID1A,likely_short,1,SD,SD/PD
SAMa1e62d323e1d,ATR,likely_short,1,SD,SD/PD
SAMa1e62d323e1d,CDKN2A,known_short,1,SD,SD/PD
SAMa1e62d323e1d,ERBB2,known_short,1,SD,SD/PD
SAMa1e62d323e1d,FGFR3,known_short,1,SD,SD/PD
SAMa1e62d323e1d,KDM6A,likely_short,1,SD,SD/PD
SAMa1e62d323e1d,LRP1B,likely_short,1,SD,SD/PD
SAMa1e62d323e1d,MUTYH,known_short,1,SD,SD/PD
SAMa1e62d323e1d,MYCL1,amplification,1,SD,SD/PD
SAMa1e62d323e1d,RAD50,likely_short,1,SD,SD/PD
SAMa1e62d323e1d,RBM10,likely_short,1,SD,SD/PD
SAMa1e62d323e1d,TERT,known_short,1,SD,SD/PD
SAMa1e62d323e1d,TP53,known_short,1,SD,SD/PD
SAMa321770ac31c,KDM6A,likely_short,1,PD,SD/PD
SAMa321770ac31c,PTPRD,likely_short,1,PD,SD/PD
SAMa321770ac31c,TP53,known_short,1,PD,SD/PD
SAMa424c75831b4,ATM,likely_short,1,PD,SD/PD
SAMa424c75831b4,EMSY,amplification,1,PD,SD/PD
SAMa424c75831b4,EPHB1,amplification,1,PD,SD/PD
SAMa424c75831b4,FBXW7,known_short,1,PD,SD/PD
SAMa424c75831b4,FGF10,amplification,1,PD,SD/PD
SAMa424c75831b4,MLL2,likely_short,1,PD,SD/PD
SAMa424c75831b4,RICTOR,amplification,1,PD,SD/PD
SAMa424c75831b4,TP53,known_short,1,PD,SD/PD
SAMa535fcdf18a0,ARID1A,likely_short,1,PR,CR/PR
SAMa535fcdf18a0,EP300,likely_short,1,PR,CR/PR
SAMa535fcdf18a0,FBXW7,likely_short,1,PR,CR/PR
SAMa535fcdf18a0,FGFR3,known_short,1,PR,CR/PR
SAMa535fcdf18a0,FRS2,amplification,1,PR,CR/PR
SAMa535fcdf18a0,MDM2,amplification,1,PR,CR/PR
SAMa535fcdf18a0,RUNX1,known_short,1,PR,CR/PR
SAMa535fcdf18a0,TERT,known_short,1,PR,CR/PR
SAMa535fcdf18a0,TSC1,likely_short,1,PR,CR/PR
SAMa90d73f8d891,BAP1,likely_short,1,PD,SD/PD
SAMa90d73f8d891,BRIP1,known_short,1,PD,SD/PD
SAMa90d73f8d891,EP300,likely_short,1,PD,SD/PD
SAMa90d73f8d891,MLL2,known_short,1,PD,SD/PD
SAMa90d73f8d891,MLL2,likely_short,1,PD,SD/PD
SAMa90d73f8d891,PIK3CA,known_short,1,PD,SD/PD
SAMa90d73f8d891,SMARCA4,likely_short,1,PD,SD/PD
SAMa9ca8536d2b1,ERBB3,known_short,1,SD,SD/PD
SAMa9ca8536d2b1,MLL2,likely_short,1,SD,SD/PD
SAMa9ca8536d2b1,TP53,known_short,1,SD,SD/PD
SAMaabf4afe4213,AKT3,amplification,1,PD,SD/PD
SAMaabf4afe4213,APC,likely_short,1,PD,SD/PD
SAMaabf4afe4213,ARID2,known_short,1,PD,SD/PD
SAMaabf4afe4213,CCNE1,amplification,1,PD,SD/PD
SAMaabf4afe4213,CREBBP,known_short,1,PD,SD/PD
SAMaabf4afe4213,IRS2,amplification,1,PD,SD/PD
SAMaabf4afe4213,KDM6A,likely_short,1,PD,SD/PD
SAMaabf4afe4213,MAP3K1,likely_short,1,PD,SD/PD
SAMaabf4afe4213,NCOR1,likely_short,1,PD,SD/PD
SAMaabf4afe4213,TERT,known_short,1,PD,SD/PD
SAMaabf4afe4213,TET2,known_short,1,PD,SD/PD
SAMaabf4afe4213,TP53,known_short,1,PD,SD/PD
SAMaaf505c36f93,ARID1A,likely_short,1,PR,CR/PR
SAMaaf505c36f93,CCND1,amplification,1,PR,CR/PR
SAMaaf505c36f93,FGF19,amplification,1,PR,CR/PR
SAMaaf505c36f93,FGF3,amplification,1,PR,CR/PR
SAMaaf505c36f93,TERT,known_short,1,PR,CR/PR
SAMaaf505c36f93,TP53,known_short,1,PR,CR/PR
SAMaaf505c36f93,TP53,likely_short,1,PR,CR/PR
SAMabc151b01ea3,ARID1A,likely_short,1,PD,SD/PD
SAMabc151b01ea3,CDKN2A,known_short,1,PD,SD/PD
SAMabc151b01ea3,ERBB2,known_short,1,PD,SD/PD
SAMabc151b01ea3,LRP1B,likely_short,1,PD,SD/PD
SAMabc151b01ea3,NCOR1,likely_short,1,PD,SD/PD
SAMabc151b01ea3,SETD2,likely_short,1,PD,SD/PD
SAMabc151b01ea3,SMARCA4,likely_short,1,PD,SD/PD
SAMad83c9c53537,ARID1A,known_short,1,PD,SD/PD
SAMad83c9c53537,CDKN2A,deletion,1,PD,SD/PD
SAMad83c9c53537,CDKN2B,deletion,1,PD,SD/PD
SAMad83c9c53537,ERBB3,known_short,1,PD,SD/PD
SAMad83c9c53537,NOTCH3,likely_short,1,PD,SD/PD
SAMad83c9c53537,RICTOR,amplification,1,PD,SD/PD
SAMaec7380f9ab0,EP300,likely_short,1,PR,CR/PR
SAMaec7380f9ab0,ERBB2,amplification,1,PR,CR/PR
SAMaec7380f9ab0,MLL2,likely_short,1,PR,CR/PR
SAMaec7380f9ab0,NOTCH4,likely_short,1,PR,CR/PR
SAMaec7380f9ab0,RB1,deletion,1,PR,CR/PR
SAMaec7380f9ab0,RICTOR,amplification,1,PR,CR/PR
SAMaec7380f9ab0,TP53,known_short,1,PR,CR/PR
SAMaf42c1541269,CCNE1,amplification,1,SD,SD/PD
SAMaf42c1541269,FANCI,known_short,1,SD,SD/PD
SAMaf42c1541269,SETD2,likely_short,1,SD,SD/PD
SAMaf42c1541269,TERT,known_short,1,SD,SD/PD
SAMaf42c1541269,TP53,known_short,1,SD,SD/PD
SAMaff272833538,ARID1A,likely_short,1,NE,
SAMaff272833538,ERBB3,known_short,1,NE,
SAMaff272833538,KDM6A,likely_short,1,NE,
SAMaff272833538,PIK3CA,known_short,1,NE,
SAMaff272833538,TERT,known_short,1,NE,
SAMaff272833538,TP53,likely_short,1,NE,
SAMb0a83e5fbde9,BCL2L2,gain,1,SD,SD/PD
SAMb0a83e5fbde9,ERBB2,known_short,1,SD,SD/PD
SAMb0a83e5fbde9,NFKBIA,gain,1,SD,SD/PD
SAMb0a83e5fbde9,NKX2-1,gain,1,SD,SD/PD
SAMb0d11db9aa79,CCNE1,amplification,1,PD,SD/PD
SAMb0d11db9aa79,FGFR3,known_short,1,PD,SD/PD
SAMb0d11db9aa79,MSH6,likely_short,1,PD,SD/PD
SAMb0d11db9aa79,NUP93,known_short,1,PD,SD/PD
SAMb0d11db9aa79,TERT,known_short,1,PD,SD/PD
SAMb15ac6e4c4ef,ATM,known_short,1,PR,CR/PR
SAMb15ac6e4c4ef,ATM,likely_short,1,PR,CR/PR
SAMb15ac6e4c4ef,SF3B1,known_short,1,PR,CR/PR
SAMb15ac6e4c4ef,TERT,known_short,1,PR,CR/PR
SAMb15ad09d6e24,TERT,known_short,1,PD,SD/PD
SAMb3c02294aba7,BRCA2,likely_short,1,PR,CR/PR
SAMb3c02294aba7,FGF10,amplification,1,PR,CR/PR
SAMb3c02294aba7,MAP3K1,known_short,1,PR,CR/PR
SAMb3c02294aba7,PIK3CA,known_short,1,PR,CR/PR
SAMb3c02294aba7,RICTOR,amplification,1,PR,CR/PR
SAMb3c02294aba7,TERT,known_short,1,PR,CR/PR
SAMb3c02294aba7,TP53,known_short,1,PR,CR/PR
SAMb419a8fcbfcd,CD274,amplification,1,PR,CR/PR
SAMb419a8fcbfcd,CREBBP,likely_short,1,PR,CR/PR
SAMb419a8fcbfcd,FGF10,amplification,1,PR,CR/PR
SAMb419a8fcbfcd,JAK2,amplification,1,PR,CR/PR
SAMb419a8fcbfcd,MCL1,amplification,1,PR,CR/PR
SAMb419a8fcbfcd,MLL2,likely_short,1,PR,CR/PR
SAMb419a8fcbfcd,MYC,amplification,1,PR,CR/PR
SAMb419a8fcbfcd,PDCD1LG2,amplification,1,PR,CR/PR
SAMb419a8fcbfcd,RB1,known_short,1,PR,CR/PR
SAMb419a8fcbfcd,RICTOR,amplification,1,PR,CR/PR
SAMb419a8fcbfcd,TERT,known_short,1,PR,CR/PR
SAMb419a8fcbfcd,TP53,known_short,1,PR,CR/PR
SAMb470eb8f04be,ASXL1,known_short,1,CR,CR/PR
SAMb470eb8f04be,ATM,known_short,1,CR,CR/PR
SAMb470eb8f04be,AXL,known_short,1,CR,CR/PR
SAMb470eb8f04be,CDKN2A,known_short,1,CR,CR/PR
SAMb470eb8f04be,CREBBP,likely_short,1,CR,CR/PR
SAMb470eb8f04be,CYLD,likely_short,1,CR,CR/PR
SAMb470eb8f04be,HNF1A,known_short,1,CR,CR/PR
SAMb470eb8f04be,IGF2R,known_short,1,CR,CR/PR
SAMb470eb8f04be,LRP1B,known_short,1,CR,CR/PR
SAMb470eb8f04be,LRP6,known_short,1,CR,CR/PR
SAMb470eb8f04be,MLL2,likely_short,1,CR,CR/PR
SAMb470eb8f04be,POLE,known_short,1,CR,CR/PR
SAMb470eb8f04be,RNF43,likely_short,1,CR,CR/PR
SAMb470eb8f04be,SMARCA4,known_short,1,CR,CR/PR
SAMb470eb8f04be,TSC1,likely_short,1,CR,CR/PR
SAMb4c7a001537d,ARID1A,likely_short,1,PD,SD/PD
SAMb4c7a001537d,CDKN1B,likely_short,1,PD,SD/PD
SAMb4c7a001537d,ERBB2,known_short,1,PD,SD/PD
SAMb4c7a001537d,MLL2,likely_short,1,PD,SD/PD
SAMb4c7a001537d,TERT,known_short,1,PD,SD/PD
SAMb8070b7937e7,BAP1,known_short,1,SD,SD/PD
SAMb8070b7937e7,ERBB3,known_short,1,SD,SD/PD
SAMb8070b7937e7,TERT,known_short,1,SD,SD/PD
SAMb8101c538753,ARID1A,likely_short,1,SD,SD/PD
SAMb8101c538753,EGFR,amplification,1,SD,SD/PD
SAMb8101c538753,FAS,likely_short,1,SD,SD/PD
SAMb8101c538753,IRS2,amplification,1,SD,SD/PD
SAMb8101c538753,MCL1,amplification,1,SD,SD/PD
SAMb8101c538753,MLL2,likely_short,1,SD,SD/PD
SAMb8101c538753,RB1,likely_short,1,SD,SD/PD
SAMb8101c538753,STAG2,known_short,1,SD,SD/PD
SAMb8101c538753,TERT,known_short,1,SD,SD/PD
SAMb8101c538753,TP53,known_short,1,SD,SD/PD
SAMb8f13a0525a6,CCND2,amplification,1,NE,
SAMb8f13a0525a6,CTNNB1,known_short,1,NE,
SAMb8f13a0525a6,FGF23,amplification,1,NE,
SAMb8f13a0525a6,FGF6,amplification,1,NE,
SAMb8f13a0525a6,KRAS,known_short,1,NE,
SAMb8f13a0525a6,PTEN,known_short,1,NE,
SAMb8f13a0525a6,TP53,known_short,1,NE,
SAMb963dda93cfd,KIT,known_short,1,PD,SD/PD
SAMb963dda93cfd,PIK3CA,known_short,1,PD,SD/PD
SAMb963dda93cfd,TERT,known_short,1,PD,SD/PD
SAMb963dda93cfd,TP53,known_short,1,PD,SD/PD
SAMba1a34b5a060,CCND1,amplification,1,PD,SD/PD
SAMba1a34b5a060,GNA13,known_short,1,PD,SD/PD
SAMba1a34b5a060,KDM6A,likely_short,1,PD,SD/PD
SAMba1a34b5a060,MYC,amplification,1,PD,SD/PD
SAMba1a34b5a060,TP53,known_short,1,PD,SD/PD
SAMba7176afe070,CDKN2A,deletion,1,PD,SD/PD
SAMba7176afe070,CDKN2B,deletion,1,PD,SD/PD
SAMba7176afe070,FGFR3,known_short,1,PD,SD/PD
SAMba7176afe070,TERT,known_short,1,PD,SD/PD
SAMbc8dc3a7b54e,CREBBP,known_short,1,PD,SD/PD
SAMbc8dc3a7b54e,ERBB2,amplification,1,PD,SD/PD
SAMbc8dc3a7b54e,RB1,likely_short,1,PD,SD/PD
SAMbc8dc3a7b54e,TERT,known_short,1,PD,SD/PD
SAMbc8dc3a7b54e,TP53,known_short,1,PD,SD/PD
SAMbc8dc3a7b54e,ZNF217,amplification,1,PD,SD/PD
SAMbcbc7957c264,CDKN2A,deletion,1,PD,SD/PD
SAMbcbc7957c264,CDKN2B,deletion,1,PD,SD/PD
SAMbcbc7957c264,FGFR3,known_short,1,PD,SD/PD
SAMbcbc7957c264,TERT,known_short,1,PD,SD/PD
SAMbd8ee73983b8,ARID1A,known_short,1,NE,
SAMbd8ee73983b8,SF3B1,known_short,1,NE,
SAMbd8ee73983b8,TERT,known_short,1,NE,
SAMbd8ee73983b8,TP53,known_short,1,NE,
SAMbda79f955628,KDM6A,likely_short,1,SD,SD/PD
SAMbda79f955628,LYN,amplification,1,SD,SD/PD
SAMbda79f955628,MYCL1,amplification,1,SD,SD/PD
SAMbda79f955628,RAF1,amplification,1,SD,SD/PD
SAMbda79f955628,SPTA1,likely_short,1,SD,SD/PD
SAMbda79f955628,TERT,known_short,1,SD,SD/PD
SAMbda79f955628,TP53,known_short,1,SD,SD/PD
SAMbe83eae4026e,BARD1,likely_short,1,PD,SD/PD
SAMbe83eae4026e,FAT1,likely_short,1,PD,SD/PD
SAMbe83eae4026e,FGF10,amplification,1,PD,SD/PD
SAMbe83eae4026e,RICTOR,amplification,1,PD,SD/PD
SAMbe83eae4026e,TERT,known_short,1,PD,SD/PD
SAMbf1a3ae828e6,ARID1A,likely_short,1,CR,CR/PR
SAMbf1a3ae828e6,BRCA1,likely_short,1,CR,CR/PR
SAMbf1a3ae828e6,CREBBP,likely_short,1,CR,CR/PR
SAMbf1a3ae828e6,ERBB3,known_short,1,CR,CR/PR
SAMbf1a3ae828e6,KDM6A,known_short,1,CR,CR/PR
SAMbf1a3ae828e6,KEAP1,known_short,1,CR,CR/PR
SAMbf1a3ae828e6,PIK3R1,likely_short,1,CR,CR/PR
SAMbf1a3ae828e6,RB1,known_short,1,CR,CR/PR
SAMbf1a3ae828e6,TERT,known_short,1,CR,CR/PR
SAMbf1a3ae828e6,TP53,likely_short,1,CR,CR/PR
SAMbf91f27e7f9b,CCNE1,amplification,1,NE,
SAMbf91f27e7f9b,DNMT3A,known_short,1,NE,
SAMbf91f27e7f9b,MLL2,likely_short,1,NE,
SAMbf91f27e7f9b,TP53,known_short,1,NE,
SAMbfdffb97c446,ROS1,amplification,1,SD,SD/PD
SAMbfdffb97c446,TP53,known_short,1,SD,SD/PD
SAMc0d625a50eb8,EP300,likely_short,1,SD,SD/PD
SAMc0d625a50eb8,KDM6A,likely_short,1,SD,SD/PD
SAMc0d625a50eb8,SLIT2,known_short,1,SD,SD/PD
SAMc0d625a50eb8,TERT,known_short,1,SD,SD/PD
SAMc0da5d48686d,FRS2,amplification,1,PD,SD/PD
SAMc0da5d48686d,MDM2,amplification,1,PD,SD/PD
SAMc0da5d48686d,TERT,known_short,1,PD,SD/PD
SAMc0ef41aa6c8b,CDKN2A,deletion,1,PD,SD/PD
SAMc0ef41aa6c8b,CDKN2B,deletion,1,PD,SD/PD
SAMc0ef41aa6c8b,FGFR1,amplification,1,PD,SD/PD
SAMc0ef41aa6c8b,KDM6A,known_short,1,PD,SD/PD
SAMc0ef41aa6c8b,RBM10,likely_short,1,PD,SD/PD
SAMc0ef41aa6c8b,TP53,known_short,1,PD,SD/PD
SAMc1251c7bfee2,ARID1A,likely_short,1,PR,CR/PR
SAMc1251c7bfee2,CCNE1,amplification,1,PR,CR/PR
SAMc1251c7bfee2,EPHA3,amplification,1,PR,CR/PR
SAMc1251c7bfee2,GATA4,likely_short,1,PR,CR/PR
SAMc1251c7bfee2,KDM6A,likely_short,1,PR,CR/PR
SAMc1251c7bfee2,RAF1,amplification,1,PR,CR/PR
SAMc1251c7bfee2,SF3B1,known_short,1,PR,CR/PR
SAMc1251c7bfee2,TP53,known_short,1,PR,CR/PR
SAMc1b27bc16435,ARID1A,known_short,1,PR,CR/PR
SAMc1b27bc16435,ERBB3,known_short,1,PR,CR/PR
SAMc1b27bc16435,FGFR3,known_short,1,PR,CR/PR
SAMc1b27bc16435,RAD51C,likely_short,1,PR,CR/PR
SAMc1b27bc16435,TP53,known_short,1,PR,CR/PR
SAMc57eadb2d82b,CCND1,amplification,1,PD,SD/PD
SAMc57eadb2d82b,CDKN2A,deletion,1,PD,SD/PD
SAMc57eadb2d82b,CDKN2B,deletion,1,PD,SD/PD
SAMc57eadb2d82b,CUL3,likely_short,1,PD,SD/PD
SAMc57eadb2d82b,FGF19,amplification,1,PD,SD/PD
SAMc57eadb2d82b,FGF3,amplification,1,PD,SD/PD
SAMc57eadb2d82b,FGF4,amplification,1,PD,SD/PD
SAMc57eadb2d82b,FGFR3,known_short,1,PD,SD/PD
SAMc57eadb2d82b,KDM6A,deletion,1,PD,SD/PD
SAMc57eadb2d82b,TERT,known_short,1,PD,SD/PD
SAMc57eadb2d82b,TP53,deletion,1,PD,SD/PD
SAMc57eadb2d82b,TSC1,likely_short,1,PD,SD/PD
SAMc692536a795a,CDKN2A,known_short,1,PD,SD/PD
SAMc692536a795a,ERBB2,amplification,1,PD,SD/PD
SAMc692536a795a,MLL2,likely_short,1,PD,SD/PD
SAMc692536a795a,NCOR1,likely_short,1,PD,SD/PD
SAMc692536a795a,TERT,known_short,1,PD,SD/PD
SAMc692536a795a,TP53,likely_short,1,PD,SD/PD
SAMc6eff056c89a,ARID1A,likely_short,1,PD,SD/PD
SAMc6eff056c89a,CDKN2A,deletion,1,PD,SD/PD
SAMc6eff056c89a,FGFR3,known_short,1,PD,SD/PD
SAMc6eff056c89a,MLL2,likely_short,1,PD,SD/PD
SAMc6eff056c89a,PARP4,known_short,1,PD,SD/PD
SAMc6eff056c89a,TERT,known_short,1,PD,SD/PD
SAMc919aebc7fdd,HRAS,known_short,1,PR,CR/PR
SAMc919aebc7fdd,KDM6A,likely_short,1,PR,CR/PR
SAMc919aebc7fdd,PIK3CA,known_short,1,PR,CR/PR
SAMc97f35a29d16,CDKN2A,known_short,1,NE,
SAMc97f35a29d16,FGFR3,known_short,1,NE,
SAMc97f35a29d16,MLL2,likely_short,1,NE,
SAMc97f35a29d16,TERT,known_short,1,NE,
SAMcabb6d58ff55,CDKN2A,likely_short,1,SD,SD/PD
SAMcabb6d58ff55,SOX10,known_short,1,SD,SD/PD
SAMcabb6d58ff55,TERT,known_short,1,SD,SD/PD
SAMcabb6d58ff55,TP53,known_short,1,SD,SD/PD
SAMcc7a42d87e9c,ARAF,known_short,1,PR,CR/PR
SAMcc7a42d87e9c,ARID1A,likely_short,1,PR,CR/PR
SAMcc7a42d87e9c,ASXL1,likely_short,1,PR,CR/PR
SAMcc7a42d87e9c,ATRX,likely_short,1,PR,CR/PR
SAMcc7a42d87e9c,FAM123B,known_short,1,PR,CR/PR
SAMcc7a42d87e9c,FBXW7,known_short,1,PR,CR/PR
SAMcc7a42d87e9c,FOXP1,known_short,1,PR,CR/PR
SAMcc7a42d87e9c,FOXP1,likely_short,1,PR,CR/PR
SAMcc7a42d87e9c,JAK1,known_short,1,PR,CR/PR
SAMcc7a42d87e9c,LRP1B,likely_short,1,PR,CR/PR
SAMcc7a42d87e9c,LZTR1,known_short,1,PR,CR/PR
SAMcc7a42d87e9c,MLL2,likely_short,1,PR,CR/PR
SAMcc7a42d87e9c,MLL3,known_short,1,PR,CR/PR
SAMcc7a42d87e9c,PBRM1,likely_short,1,PR,CR/PR
SAMce39dd79b441,FGF10,amplification,1,PD,SD/PD
SAMce39dd79b441,MAGI2,likely_short,1,PD,SD/PD
SAMce39dd79b441,MLL2,likely_short,1,PD,SD/PD
SAMce39dd79b441,NOTCH1,likely_short,1,PD,SD/PD
SAMce39dd79b441,PIK3CA,known_short,1,PD,SD/PD
SAMce39dd79b441,RICTOR,amplification,1,PD,SD/PD
SAMce39dd79b441,TP53,known_short,1,PD,SD/PD
SAMcee0fa8c05b4,ERBB2,known_short,1,NE,
SAMcee0fa8c05b4,GPR124,known_short,1,NE,
SAMcee0fa8c05b4,MSH6,likely_short,1,NE,
SAMcee0fa8c05b4,RB1,likely_short,1,NE,
SAMcee0fa8c05b4,SPEN,likely_short,1,NE,
SAMcee0fa8c05b4,TERT,known_short,1,NE,
SAMcee0fa8c05b4,TP53,known_short,1,NE,
SAMd027124354ce,CDKN2A,deletion,1,CR,CR/PR
SAMd027124354ce,CDKN2A,likely_short,1,CR,CR/PR
SAMd027124354ce,CDKN2B,deletion,1,CR,CR/PR
SAMd027124354ce,FGF10,gain,1,CR,CR/PR
SAMd027124354ce,MLL2,likely_short,1,CR,CR/PR
SAMd027124354ce,MYC,amplification,1,CR,CR/PR
SAMd027124354ce,PIK3R1,known_short,1,CR,CR/PR
SAMd027124354ce,RAF1,amplification,1,CR,CR/PR
SAMd027124354ce,RICTOR,gain,1,CR,CR/PR
SAMd027124354ce,TP53,known_short,1,CR,CR/PR
SAMd0e47be700b0,BCL2L1,amplification,1,NE,
SAMd0e47be700b0,CCNE1,amplification,1,NE,
SAMd0e47be700b0,GATA6,amplification,1,NE,
SAMd0e47be700b0,MLL2,likely_short,1,NE,
SAMd0e47be700b0,RAF1,amplification,1,NE,
SAMd0e47be700b0,SMAD4,known_short,1,NE,
SAMd0e47be700b0,TP53,known_short,1,NE,
SAMd135d5867fe3,ARID2,likely_short,1,PD,SD/PD
SAMd135d5867fe3,MLL2,likely_short,1,PD,SD/PD
SAMd135d5867fe3,RB1,likely_short,1,PD,SD/PD
SAMd135d5867fe3,TERT,known_short,1,PD,SD/PD
SAMd135d5867fe3,TP53,known_short,1,PD,SD/PD
SAMd1bd63734394,BRCA2,likely_short,1,PD,SD/PD
SAMd1bd63734394,CCND1,amplification,1,PD,SD/PD
SAMd1bd63734394,CDK6,amplification,1,PD,SD/PD
SAMd1bd63734394,CDKN2A,deletion,1,PD,SD/PD
SAMd1bd63734394,CDKN2B,deletion,1,PD,SD/PD
SAMd1bd63734394,CEBPA,known_short,1,PD,SD/PD
SAMd1bd63734394,FANCD2,known_short,1,PD,SD/PD
SAMd1bd63734394,FGFR3,known_short,1,PD,SD/PD
SAMd1bd63734394,MCL1,amplification,1,PD,SD/PD
SAMd1bd63734394,MLL2,likely_short,1,PD,SD/PD
SAMd1bd63734394,RAF1,amplification,1,PD,SD/PD
SAMd1bd63734394,TERT,known_short,1,PD,SD/PD
SAMd1bd63734394,TP53,known_short,1,PD,SD/PD
SAMd2492b2a31bb,CCND1,amplification,1,PD,SD/PD
SAMd2492b2a31bb,CDKN2A,likely_short,1,PD,SD/PD
SAMd2492b2a31bb,FGF3,amplification,1,PD,SD/PD
SAMd2492b2a31bb,MLL2,likely_short,1,PD,SD/PD
SAMd2492b2a31bb,TERT,known_short,1,PD,SD/PD
SAMd2492b2a31bb,TP53,known_short,1,PD,SD/PD
SAMd35318127278,BRCA1,likely_short,1,CR,CR/PR
SAMd35318127278,CREBBP,likely_short,1,CR,CR/PR
SAMd35318127278,DNMT3A,known_short,1,CR,CR/PR
SAMd35318127278,ERBB3,known_short,1,CR,CR/PR
SAMd35318127278,FBXW7,likely_short,1,CR,CR/PR
SAMd35318127278,FGFR3,known_short,1,CR,CR/PR
SAMd35318127278,KDM5C,likely_short,1,CR,CR/PR
SAMd35318127278,KDM6A,likely_short,1,CR,CR/PR
SAMd35318127278,LRP1B,deletion,1,CR,CR/PR
SAMd35318127278,RB1,deletion,1,CR,CR/PR
SAMd35318127278,RBM10,likely_short,1,CR,CR/PR
SAMd35318127278,REL,amplification,1,CR,CR/PR
SAMd35318127278,SETD2,likely_short,1,CR,CR/PR
SAMd35318127278,STAG2,likely_short,1,CR,CR/PR
SAMd35318127278,TBX3,likely_short,1,CR,CR/PR
SAMd35318127278,TERT,known_short,1,CR,CR/PR
SAMd3601288319e,RAF1,amplification,1,CR,CR/PR
SAMd3601288319e,TP53,known_short,1,CR,CR/PR
SAMd3bd67996035,FAT1,known_short,1,CR,CR/PR
SAMd3bd67996035,ZNF703,amplification,1,CR,CR/PR
SAMd43f8933066b,CCNE1,amplification,1,PR,CR/PR
SAMd43f8933066b,ERBB2,amplification,1,PR,CR/PR
SAMd43f8933066b,FRS2,amplification,1,PR,CR/PR
SAMd43f8933066b,MDM2,amplification,1,PR,CR/PR
SAMd4c0837b0997,CCND1,amplification,1,PD,SD/PD
SAMd4c0837b0997,CDK6,amplification,1,PD,SD/PD
SAMd4c0837b0997,CDKN2A,deletion,1,PD,SD/PD
SAMd4c0837b0997,CDKN2B,deletion,1,PD,SD/PD
SAMd4c0837b0997,FGF19,amplification,1,PD,SD/PD
SAMd4c0837b0997,FGF3,amplification,1,PD,SD/PD
SAMd4c0837b0997,FGF4,amplification,1,PD,SD/PD
SAMd4c0837b0997,KRAS,amplification,1,PD,SD/PD
SAMd4c0837b0997,MLL2,likely_short,1,PD,SD/PD
SAMd4c0837b0997,MYC,amplification,1,PD,SD/PD
SAMd4c0837b0997,NKX2-1,amplification,1,PD,SD/PD
SAMd4c0837b0997,RAF1,amplification,1,PD,SD/PD
SAMd4c0837b0997,TP53,known_short,1,PD,SD/PD
SAMd5ab7fbfab4e,ATM,likely_short,1,NE,
SAMd5ab7fbfab4e,BACH1,likely_short,1,NE,
SAMd5ab7fbfab4e,CDH2,known_short,1,NE,
SAMd5ab7fbfab4e,RB1,likely_short,1,NE,
SAMd5ab7fbfab4e,TERT,known_short,1,NE,
SAMd5ab7fbfab4e,TP53,known_short,1,NE,
SAMd5ab7fbfab4e,TP53,likely_short,1,NE,
SAMd7d57ee3a863,FBXW7,known_short,1,CR,CR/PR
SAMd7d57ee3a863,KDM6A,likely_short,1,CR,CR/PR
SAMd7d57ee3a863,LRP1B,known_short,1,CR,CR/PR
SAMd7d57ee3a863,NF2,likely_short,1,CR,CR/PR
SAMd7d57ee3a863,RB1,likely_short,1,CR,CR/PR
SAMd7d57ee3a863,TERT,known_short,1,CR,CR/PR
SAMd7d57ee3a863,TP53,known_short,1,CR,CR/PR
SAMd98bac0a070f,FGFR3,known_short,1,PD,SD/PD
SAMd98bac0a070f,MLL2,likely_short,1,PD,SD/PD
SAMd98bac0a070f,TERT,known_short,1,PD,SD/PD
SAMda4d892fddc8,ARID1A,likely_short,1,PD,SD/PD
SAMda4d892fddc8,BRAF,known_short,1,PD,SD/PD
SAMda4d892fddc8,CREBBP,likely_short,1,PD,SD/PD
SAMda4d892fddc8,CTNNB1,likely_short,1,PD,SD/PD
SAMda4d892fddc8,FOXP1,amplification,1,PD,SD/PD
SAMda4d892fddc8,HRAS,known_short,1,PD,SD/PD
SAMda4d892fddc8,LYN,amplification,1,PD,SD/PD
SAMda4d892fddc8,MITF,amplification,1,PD,SD/PD
SAMda4d892fddc8,TERT,known_short,1,PD,SD/PD
SAMdab9ca8fb5de,CDKN2A,deletion,1,PD,SD/PD
SAMdab9ca8fb5de,CDKN2B,deletion,1,PD,SD/PD
SAMdab9ca8fb5de,CUL3,likely_short,1,PD,SD/PD
SAMdab9ca8fb5de,FAT1,likely_short,1,PD,SD/PD
SAMdab9ca8fb5de,JUN,known_short,1,PD,SD/PD
SAMdab9ca8fb5de,KDM6A,likely_short,1,PD,SD/PD
SAMdab9ca8fb5de,PIK3CA,known_short,1,PD,SD/PD
SAMdab9ca8fb5de,RBM10,likely_short,1,PD,SD/PD
SAMdab9ca8fb5de,TP53,known_short,1,PD,SD/PD
SAMdad5c29dc105,FGFR3,known_short,1,PD,SD/PD
SAMdad5c29dc105,KDM6A,likely_short,1,PD,SD/PD
SAMdad5c29dc105,MLL2,likely_short,1,PD,SD/PD
SAMdad5c29dc105,TERT,known_short,1,PD,SD/PD
SAMdad5c29dc105,TP53,known_short,1,PD,SD/PD
SAMdb3f50c9129c,BRCA2,deletion,1,PD,SD/PD
SAMdf3e42c8672a,ARID1A,likely_short,1,PD,SD/PD
SAMdf3e42c8672a,CHEK2,likely_short,1,PD,SD/PD
SAMdf3e42c8672a,CREBBP,likely_short,1,PD,SD/PD
SAMdf3e42c8672a,KDM6A,likely_short,1,PD,SD/PD
SAMdf3e42c8672a,RB1,likely_short,1,PD,SD/PD
SAMdf3e42c8672a,RICTOR,amplification,1,PD,SD/PD
SAMdf3e42c8672a,SPEN,likely_short,1,PD,SD/PD
SAMdf3e42c8672a,TERT,known_short,1,PD,SD/PD
SAMdf3e42c8672a,TP53,likely_short,1,PD,SD/PD
SAMe07c4560772d,ARID1A,likely_short,1,PD,SD/PD
SAMe07c4560772d,ERBB2,known_short,1,PD,SD/PD
SAMe07c4560772d,FGFR3,known_short,1,PD,SD/PD
SAMe07c4560772d,KDM6A,likely_short,1,PD,SD/PD
SAMe07c4560772d,TERT,known_short,1,PD,SD/PD
SAMe0c49ea0df5d,CDKN2A,deletion,1,SD,SD/PD
SAMe0c49ea0df5d,CDKN2B,deletion,1,SD,SD/PD
SAMe0c49ea0df5d,FAT1,likely_short,1,SD,SD/PD
SAMe0c49ea0df5d,FBXW7,known_short,1,SD,SD/PD
SAMe0c49ea0df5d,FGFR3,known_short,1,SD,SD/PD
SAMe0c49ea0df5d,KDM6A,likely_short,1,SD,SD/PD
SAMe0c49ea0df5d,MLL2,likely_short,1,SD,SD/PD
SAMe0c49ea0df5d,NTRK3,known_short,1,SD,SD/PD
SAMe0c49ea0df5d,TERT,known_short,1,SD,SD/PD
SAMe1eb5d988760,GATA3,likely_short,1,CR,CR/PR
SAMe1eb5d988760,KDM5C,likely_short,1,CR,CR/PR
SAMe1eb5d988760,NF1,likely_short,1,CR,CR/PR
SAMe1eb5d988760,SPEN,likely_short,1,CR,CR/PR
SAMe1eb5d988760,TERT,known_short,1,CR,CR/PR
SAMe1eb5d988760,TP53,known_short,1,CR,CR/PR
SAMe3210d3632b4,MLL2,likely_short,1,PD,SD/PD
SAMe3210d3632b4,PIK3CA,known_short,1,PD,SD/PD
SAMe3210d3632b4,TERT,known_short,1,PD,SD/PD
SAMe3210d3632b4,TP53,known_short,1,PD,SD/PD
SAMe41b1e773582,MAGI2,likely_short,1,PD,SD/PD
SAMe41b1e773582,NOTCH3,likely_short,1,PD,SD/PD
SAMe41b1e773582,TERT,known_short,1,PD,SD/PD
SAMe50d15fde368,BRIP1,likely_short,1,PR,CR/PR
SAMe50d15fde368,CCND1,amplification,1,PR,CR/PR
SAMe50d15fde368,CDKN2A,deletion,1,PR,CR/PR
SAMe50d15fde368,CDKN2B,deletion,1,PR,CR/PR
SAMe50d15fde368,FGFR3,known_short,1,PR,CR/PR
SAMe50d15fde368,FRS2,amplification,1,PR,CR/PR
SAMe50d15fde368,IRS2,amplification,1,PR,CR/PR
SAMe50d15fde368,MDM2,amplification,1,PR,CR/PR
SAMe50d15fde368,NF1,likely_short,1,PR,CR/PR
SAMe50d15fde368,PALB2,likely_short,1,PR,CR/PR
SAMe50d15fde368,PIK3CA,known_short,1,PR,CR/PR
SAMe50d15fde368,TERT,known_short,1,PR,CR/PR
SAMe56c96c51190,ASXL1,likely_short,1,PD,SD/PD
SAMe56c96c51190,NF1,known_short,1,PD,SD/PD
SAMe56c96c51190,PIK3CA,known_short,1,PD,SD/PD
SAMe56c96c51190,RICTOR,amplification,1,PD,SD/PD
SAMe56c96c51190,SMARCA4,known_short,1,PD,SD/PD
SAMe56c96c51190,STAG2,likely_short,1,PD,SD/PD
SAMe56c96c51190,TERT,known_short,1,PD,SD/PD
SAMe56c96c51190,TNKS,known_short,1,PD,SD/PD
SAMe5bc41772bc9,KRAS,known_short,1,PD,SD/PD
SAMe5bc41772bc9,NFE2L2,known_short,1,PD,SD/PD
SAMe5bc41772bc9,PIK3R1,likely_short,1,PD,SD/PD
SAMe5bc41772bc9,TERT,known_short,1,PD,SD/PD
SAMe7bf6c015192,BRCA1,likely_short,1,PD,SD/PD
SAMe7bf6c015192,MST1R,known_short,1,PD,SD/PD
SAMe7bf6c015192,PIK3CA,known_short,1,PD,SD/PD
SAMe7bf6c015192,TERT,known_short,1,PD,SD/PD
SAMe7bf6c015192,TP53,known_short,1,PD,SD/PD
SAMe7e4f7c076a7,DNMT3A,known_short,1,PD,SD/PD
SAMe7e4f7c076a7,RB1,known_short,1,PD,SD/PD
SAMe7e4f7c076a7,SLIT2,known_short,1,PD,SD/PD
SAMe7e4f7c076a7,TERT,known_short,1,PD,SD/PD
SAMe7e4f7c076a7,TP53,known_short,1,PD,SD/PD
SAMe94c30c30616,TERT,known_short,1,SD,SD/PD
SAMe97af0feefdf,HRAS,known_short,1,PD,SD/PD
SAMe9ae8beb82fa,DICER1,likely_short,1,PD,SD/PD
SAMe9ae8beb82fa,TERT,known_short,1,PD,SD/PD
SAMe9ae8beb82fa,TSC1,likely_short,1,PD,SD/PD
SAMeaa477a5384b,ARID1A,known_short,1,CR,CR/PR
SAMeaa477a5384b,ARID1A,likely_short,1,CR,CR/PR
SAMeaa477a5384b,FRS2,amplification,1,CR,CR/PR
SAMeaa477a5384b,MDM2,amplification,1,CR,CR/PR
SAMeaa477a5384b,MPL,known_short,1,CR,CR/PR
SAMeaa477a5384b,STAG2,likely_short,1,CR,CR/PR
SAMeaa477a5384b,TBX3,likely_short,1,CR,CR/PR
SAMeaa477a5384b,TERT,known_short,1,CR,CR/PR
SAMeb29625f76a5,CREBBP,likely_short,1,PD,SD/PD
SAMeb29625f76a5,FGFR3,known_short,1,PD,SD/PD
SAMeb29625f76a5,FRS2,amplification,1,PD,SD/PD
SAMeb29625f76a5,MDM2,amplification,1,PD,SD/PD
SAMeb29625f76a5,TERT,known_short,1,PD,SD/PD
SAMeff2ce356ccb,CDKN2A,deletion,1,PD,SD/PD
SAMeff2ce356ccb,CDKN2B,deletion,1,PD,SD/PD
SAMeff2ce356ccb,FGFR1,amplification,1,PD,SD/PD
SAMeff2ce356ccb,FGFR3,known_short,1,PD,SD/PD
SAMeff2ce356ccb,MYST3,amplification,1,PD,SD/PD
SAMeff2ce356ccb,STAG2,likely_short,1,PD,SD/PD
SAMeff2ce356ccb,TP53,known_short,1,PD,SD/PD
SAMeff2ce356ccb,ZNF703,amplification,1,PD,SD/PD
SAMf20b827dca51,NUP93,known_short,1,PD,SD/PD
SAMf20b827dca51,PIK3CA,known_short,1,PD,SD/PD
SAMf20b827dca51,RB1,known_short,1,PD,SD/PD
SAMf20b827dca51,TP53,known_short,1,PD,SD/PD
SAMf275eb859a39,BRAF,known_short,1,PR,CR/PR
SAMf275eb859a39,CDKN2A,deletion,1,PR,CR/PR
SAMf275eb859a39,CDKN2B,deletion,1,PR,CR/PR
SAMf275eb859a39,FGFR3,known_short,1,PR,CR/PR
SAMf275eb859a39,FRS2,amplification,1,PR,CR/PR
SAMf275eb859a39,MDM2,amplification,1,PR,CR/PR
SAMf275eb859a39,TERT,known_short,1,PR,CR/PR
SAMf28c01545593,FGFR3,known_short,1,SD,SD/PD
SAMf28c01545593,KDM6A,likely_short,1,SD,SD/PD
SAMf28c01545593,TERT,known_short,1,SD,SD/PD
SAMf2aae1443f67,FGFR3,known_short,1,PD,SD/PD
SAMf2aae1443f67,KDM6A,known_short,1,PD,SD/PD
SAMf2ce197162ce,FGF10,gain,1,NE,
SAMf2ce197162ce,KDR,amplification,1,NE,
SAMf2ce197162ce,KIT,amplification,1,NE,
SAMf2ce197162ce,MLL2,likely_short,1,NE,
SAMf2ce197162ce,NOTCH4,known_short,1,NE,
SAMf2ce197162ce,PDGFRA,amplification,1,NE,
SAMf2ce197162ce,RAF1,amplification,1,NE,
SAMf2ce197162ce,RICTOR,gain,1,NE,
SAMf2ce197162ce,TP53,known_short,1,NE,
SAMf3a9bce50099,FGF10,gain,1,PD,SD/PD
SAMf3a9bce50099,MLL2,likely_short,1,PD,SD/PD
SAMf3a9bce50099,RICTOR,gain,1,PD,SD/PD
SAMf3a9bce50099,TP53,known_short,1,PD,SD/PD
SAMf3a9bce50099,ZNF703,amplification,1,PD,SD/PD
SAMf82bbdc267c8,FGFR3,known_short,1,PD,SD/PD
SAMf82bbdc267c8,GRIN2A,known_short,1,PD,SD/PD
SAMf82bbdc267c8,KDM6A,likely_short,1,PD,SD/PD
SAMf82bbdc267c8,TERT,known_short,1,PD,SD/PD
SAMf82bbdc267c8,TP53,deletion,1,PD,SD/PD
SAMfed609955db9,BRAF,known_short,1,PD,SD/PD
SAMfed609955db9,CTNNB1,known_short,1,PD,SD/PD
SAMfed609955db9,PIK3CA,known_short,1,PD,SD/PD
SAMfed609955db9,TERT,known_short,1,PD,SD/PD
SAMff41c4e8c08f,CDKN2A,deletion,1,NE,
SAMff41c4e8c08f,CDKN2B,deletion,1,NE,
SAMff41c4e8c08f,FAT1,likely_short,1,NE,
SAMff41c4e8c08f,KDM6A,likely_short,1,NE,
SAMff41c4e8c08f,TERT,known_short,1,NE,
SAMffa5c7cad0e5,ERBB2,known_short,1,PR,CR/PR
SAMffa5c7cad0e5,TERT,known_short,1,PR,CR/PR
